Country,Year,Code,GDP_per_capital,Tb_new_cases,Tb_deaths,Health_exp_gdp_percent,Treatment_success_rate,mortality_rate
Argentina,2000,ARG,22281.38,14000,1100,4.499,47,
Argentina,2001,ARG,21066.459,13000,1000,4.594,61,
Argentina,2002,ARG,18571.701,13000,1000,4.034,58,
Argentina,2003,ARG,20005.139,13000,960,3.774,66,
Argentina,2004,ARG,21591.45,13000,900,3.746,57,
Argentina,2005,ARG,23262.408,12000,900,3.915,46,
Argentina,2006,ARG,24877.25,11000,870,4.019,55,
Argentina,2007,ARG,26850.664,12000,900,4.257,60,
Argentina,2008,ARG,27658.484,11000,790,4.509,38,
Argentina,2009,ARG,25747.197,8900,790,5.672,43,
Argentina,2010,ARG,28056.258,8500,700,5.572,45,
Argentina,2011,ARG,29425.76,11000,840,5.688,49,
Argentina,2012,ARG,28825.967,10000,780,6.144,56,
Argentina,2013,ARG,29227.66,10000,810,6.264,51,
Argentina,2014,ARG,28200.814,11000,780,6.361,52,
Argentina,2015,ARG,28669.207,11000,800,6.853,47,
Argentina,2016,ARG,27802.105,12000,830,5.619,54,
Argentina,2017,ARG,28334.904,12000,770,6.644,57,
Argentina,2018,ARG,27367.115,12000,810,5.883,54,
Argentina,2019,ARG,26629.553,13000,820,5.857,47,
Argentina,2020,ARG,23877.094,13000,870,6.644,46,
Argentina,2021,ARG,26300.273,13000,900,6.25,48,
Australia,2000,AUS,44347.07,1200,72,5.189,72,
Australia,2001,AUS,44667.926,1100,100,5.2,70,
Australia,2002,AUS,45920.18,1200,81,5.402,78,
Australia,2003,AUS,46798.09,1100,65,5.36,80,
Australia,2004,AUS,48256.25,1200,75,5.524,91,
Australia,2005,AUS,49176.06,1200,71,5.448,85,
Australia,2006,AUS,49853.72,1300,69,5.445,85,
Australia,2007,AUS,50799.26,1300,59,5.58,85,
Australia,2008,AUS,51577.074,1400,72,5.691,81,
Australia,2009,AUS,51481.25,1500,65,5.92,80,
Australia,2010,AUS,51811.78,1400,62,5.778,82,
Australia,2011,AUS,52326.766,1400,63,5.906,78,
Australia,2012,AUS,53435.18,1500,38,5.855,82,
Australia,2013,AUS,53890.105,1400,58,5.681,85,
Australia,2014,AUS,54470.16,1500,51,6.638,79,
Australia,2015,AUS,54867.773,1400,57,6.978,73,
Australia,2016,AUS,55507.977,1600,55,6.941,78,
Australia,2017,AUS,55846.03,1600,56,6.98,82,
Australia,2018,AUS,56600.438,1700,60,6.992,79,
Australia,2019,AUS,56981.395,1700,60,7.347,86,
Australia,2020,AUS,56215.58,1900,60,7.671,90,
Australia,2021,AUS,57321.562,1700,61,7.765,88,
Austria,2000,AUT,54116.547,1400,89,6.952,73,
Austria,2001,AUT,54619.77,1200,68,6.953,64,
Austria,2002,AUT,55158.492,1200,78,7.027,78,
Austria,2003,AUT,55517.06,1100,55,7.112,68,
Austria,2004,AUT,56589.035,1000,54,7.125,70,
Austria,2005,AUT,57508.98,1100,62,7.122,71,
Austria,2006,AUT,59096.01,980,63,7.091,71,
Austria,2008,AUT,61823.1,870,54,7.29,70,
Austria,2009,AUT,59450.027,760,52,7.68,70,
Austria,2010,AUT,60380.14,760,43,7.63,75,
Austria,2011,AUT,61938.617,770,60,7.481,72,
Austria,2012,AUT,62044.215,710,46,7.617,69,
Austria,2013,AUT,61524.96,720,72,7.612,72,
Austria,2014,AUT,61507.38,650,74,7.673,74,
Austria,2015,AUT,61614.56,650,67,7.678,73,
Austria,2016,AUT,62242.336,710,42,7.657,75,
Austria,2017,AUT,63216.0,650,39,7.686,69,
Austria,2018,AUT,64471.633,540,51,7.727,73,
Austria,2019,AUT,65312.023,530,43,7.873,74,
Austria,2020,AUT,60931.94,440,43,8.707,70,
Austria,2021,AUT,63576.242,450,43,9.504,75,
Belgium,2000,BEL,51482.816,1500,120,5.968,66,
Belgium,2001,BEL,51870.207,1500,120,6.146,64,
Belgium,2002,BEL,52519.62,1400,100,6.139,69,
Belgium,2003,BEL,52843.062,1200,110,6.783,73,
Belgium,2004,BEL,54493.844,1300,92,6.986,60,
Belgium,2005,BEL,55453.184,1200,100,6.889,58,
Belgium,2006,BEL,56494.69,1200,75,6.801,61,
Belgium,2007,BEL,58143.42,1100,99,6.769,68,
Belgium,2008,BEL,57943.715,1100,91,7.259,45,
Belgium,2009,BEL,56383.56,1100,69,7.864,78,
Belgium,2010,BEL,57385.035,1200,75,7.768,78,
Belgium,2011,BEL,57737.16,1100,64,7.882,80,
Belgium,2012,BEL,57504.03,1000,68,8.02,77,
Belgium,2013,BEL,57408.477,1000,64,8.025,79,
Belgium,2014,BEL,58163.266,1000,48,8.067,81,
Belgium,2015,BEL,58679.684,1100,67,8.237,79,
Belgium,2016,BEL,59080.15,1100,39,8.276,82,
Belgium,2017,BEL,59720.76,1100,39,8.279,79,
Belgium,2018,BEL,60565.98,1000,40,8.311,82,
Belgium,2019,BEL,61711.113,1000,40,8.089,81,
Belgium,2020,BEL,58500.633,890,40,8.796,67,
Belgium,2021,BEL,61873.965,940,40,8.462,78,
Brazil,2000,BRA,14005.348,90000,8800,3.47,71,
Brazil,2001,BRA,14016.132,86000,8300,3.513,55,
Brazil,2002,BRA,14265.905,94000,7900,3.686,80,
Brazil,2003,BRA,14259.366,97000,7700,3.51,77,
Brazil,2004,BRA,14911.261,100000,7700,3.467,72,
Brazil,2005,BRA,15221.014,93000,7200,3.345,72,
Brazil,2006,BRA,15657.4795,87000,7100,3.542,69,
Brazil,2007,BRA,16440.584,87000,7000,3.485,72,
Brazil,2008,BRA,17113.367,89000,7200,3.505,69,
Brazil,2009,BRA,16939.441,88000,7100,3.708,70,
Brazil,2010,BRA,18062.158,87000,8200,3.577,72,
Brazil,2011,BRA,18627.81,88000,8000,3.467,73,
Brazil,2012,BRA,18832.219,88000,7800,3.356,72,
Brazil,2013,BRA,19241.506,89000,7900,3.556,72,
Brazil,2014,BRA,19183.172,88000,7600,3.709,71,
Brazil,2015,BRA,18357.068,87000,7300,3.861,71,
Brazil,2016,BRA,17620.928,88000,7100,3.952,72,
Brazil,2017,BRA,17724.48,92000,7200,3.959,71,
Brazil,2018,BRA,17917.75,96000,7100,3.897,71,
Brazil,2019,BRA,18018.621,96000,7000,3.93,69,
Bulgaria,2005,BGR,17811.666,4100,290,4.128,88,
Bulgaria,2006,BGR,19168.354,4000,290,3.659,85,
Bulgaria,2007,BGR,20594.764,3600,300,3.457,82,
Bulgaria,2008,BGR,22011.092,3800,250,3.532,85,
Bulgaria,2009,BGR,21411.86,3400,220,3.583,87,
Bulgaria,2010,BGR,21888.504,3100,210,3.932,87,
Bulgaria,2011,BGR,22489.762,2800,180,3.86,86,
Bulgaria,2012,BGR,22789.791,2700,180,3.845,87,
Bulgaria,2013,BGR,22793.305,2500,160,4.056,85,
Bulgaria,2014,BGR,23140.871,2300,130,4.493,86,
Bulgaria,2015,BGR,24080.256,2100,120,4.15,84,
Bulgaria,2016,BGR,24983.693,1900,120,4.129,85,
Bulgaria,2017,BGR,25857.916,1800,100,4.224,84,
Bulgaria,2018,BGR,26709.322,1600,99,4.332,86,
Bulgaria,2019,BGR,27917.12,1400,99,4.297,82,
Bulgaria,2021,BGR,29536.678,1200,96,5.598,79,
Canada,2000,CAN,47667.434,2000,190,5.771,35,
Canada,2001,CAN,48036.625,2000,190,6.012,42,
Canada,2002,CAN,48943.543,1900,180,6.135,36,
Canada,2003,CAN,49381.594,1900,170,6.303,45,
Canada,2004,CAN,50436.293,1800,130,6.335,61,
Canada,2005,CAN,51564.844,1800,160,6.312,70,
Canada,2006,CAN,52391.38,1800,150,6.482,60,
Canada,2007,CAN,52948.9,1700,150,6.569,67,
Canada,2008,CAN,52899.477,1800,150,6.696,79,
Canada,2009,CAN,50772.87,1800,100,7.519,77,
Canada,2010,CAN,51763.676,1600,100,7.486,78,
Canada,2011,CAN,52869.387,1600,110,7.316,66,
Canada,2012,CAN,53217.715,1900,110,7.441,79,
Canada,2013,CAN,53884.844,1900,120,7.409,82,
Canada,2014,CAN,54880.86,1800,120,7.283,82,
Canada,2015,CAN,54819.188,1900,130,7.635,84,
Canada,2016,CAN,54765.305,2000,110,7.731,78,
Canada,2017,CAN,55756.26,2100,120,7.618,80,
Canada,2018,CAN,56470.46,2100,110,7.623,78,
Canada,2019,CAN,56713.09,2200,89,7.686,79,
Chile,2000,CHL,17531.46,3500,640,3.733,82,
Chile,2001,CHL,17876.613,3500,720,3.742,83,
Chile,2002,CHL,18246.645,2800,690,3.807,86,
Chile,2003,CHL,18909.547,2600,690,3.786,85,
Chile,2004,CHL,19969.033,3100,730,3.662,83,
Chile,2005,CHL,20925.916,2900,660,3.506,83,
Chile,2006,CHL,21976.297,2900,650,3.285,85,
Chile,2007,CHL,22886.965,2800,590,3.416,85,
Chile,2008,CHL,23518.086,2800,480,3.801,72,
Chile,2009,CHL,23021.709,2800,520,4.638,72,
Chile,2010,CHL,24125.287,2700,580,4.025,71,
Chile,2011,CHL,25375.229,2800,500,4.043,71,
Chile,2012,CHL,26679.916,2800,520,4.211,44,
Chile,2013,CHL,27300.996,2800,510,4.437,47,
Chile,2014,CHL,27514.764,2700,420,4.622,58,
Chile,2015,CHL,27821.197,3000,520,4.906,62,
Chile,2016,CHL,27968.604,2900,470,5.006,79,
Chile,2017,CHL,27902.846,3200,470,5.468,78,
Chile,2018,CHL,28502.725,3400,410,5.565,73,
Chile,2019,CHL,28228.5,3300,430,5.68,74,
Chile,2020,CHL,26257.832,2800,390,6.33,77,
Chile,2021,CHL,29105.102,3000,370,5.881,74,
China,2000,CHN,3989.062,1360000,122000,0.986,93,
China,2001,CHN,4290.3022,1320000,112000,0.971,95,
China,2002,CHN,4650.897,1290000,103000,1.109,92,
China,2003,CHN,5085.978,1250000,94000,1.251,93,
China,2004,CHN,5567.1904,1220000,76000,1.295,92,
China,2005,CHN,6165.1836,1180000,76000,1.37,92,
China,2006,CHN,6910.758,1150000,72000,1.391,92,
China,2007,CHN,7853.096,1120000,65000,1.436,93,
China,2008,CHN,8566.965,1100000,59000,1.73,93,
China,2009,CHN,9325.65,1080000,58000,2.143,94,
China,2010,CHN,10267.806,1020000,56000,2.177,95,
China,2011,CHN,11187.166,1010000,50000,2.315,95,
China,2012,CHN,11985.317,1000000,45000,2.547,95,
China,2013,CHN,12830.37,957000,45000,2.705,95,
China,2014,CHN,13696.518,926000,42000,2.804,94,
China,2015,CHN,14575.935,904000,42000,2.986,94,
China,2016,CHN,15485.213,882000,42000,2.892,93,
China,2017,CHN,16461.07,878000,39000,2.86,93,
China,2018,CHN,17490.166,860000,36000,2.914,94,
China,2019,CHN,18465.299,826000,33000,3.015,94,
China,2020,CHN,18833.785,833000,32000,3.102,95,
China,2021,CHN,20406.73,780000,30000,2.904,94,
Colombia,2000,COL,11010.671,14000,1600,4.312,80,
Colombia,2001,COL,11020.81,14000,1700,4.577,71,
Colombia,2002,COL,11124.361,14000,1600,4.495,73,
Colombia,2003,COL,11387.211,14000,1600,4.608,80,
Colombia,2004,COL,11819.602,14000,1500,4.407,80,
Colombia,2005,COL,12218.054,13000,1300,4.499,71,
Colombia,2006,COL,12867.045,14000,1300,4.712,71,
Colombia,2007,COL,13561.154,14000,1500,4.749,77,
Colombia,2008,COL,13838.885,14000,1500,4.911,56,
Colombia,2009,COL,13834.497,14000,1400,5.438,75,
Colombia,2010,COL,14293.021,14000,1300,5.29,74,
Colombia,2011,COL,15123.193,15000,1200,5.15,73,
Colombia,2012,COL,15558.091,15000,1500,4.984,72,
Colombia,2013,COL,16202.396,15000,1600,5.304,71,
Colombia,2014,COL,16780.871,14000,1500,5.474,76,
Colombia,2015,COL,17128.107,15000,1500,5.741,75,
Colombia,2016,COL,17313.287,16000,1600,5.731,61,
Colombia,2017,COL,17295.764,16000,1500,5.882,73,
Colombia,2018,COL,17416.014,16000,1500,5.892,74,
Colombia,2019,COL,17652.896,18000,1600,5.947,75,
Colombia,2020,COL,16150.725,18000,1800,6.744,71,
Colombia,2021,COL,17700.06,21000,2600,7.067,73,
Costa Rica,2000,CRI,14187.716,730,86,4.335,57,
Costa Rica,2001,CRI,14422.2295,790,87,4.297,64,
Costa Rica,2002,CRI,14670.719,680,87,4.65,79,
Costa Rica,2003,CRI,15070.831,690,86,4.689,91,
Costa Rica,2005,CRI,15893.249,670,87,4.321,90,
Costa Rica,2006,CRI,16820.465,610,79,4.641,86,
Costa Rica,2007,CRI,17957.494,690,55,4.685,86,
Costa Rica,2008,CRI,18555.0,630,71,5.121,89,
Costa Rica,2009,CRI,18148.764,560,48,5.638,57,
Costa Rica,2010,CRI,18885.848,620,63,5.871,88,
Costa Rica,2011,CRI,19487.002,650,72,5.919,88,
Costa Rica,2012,CRI,20201.389,600,66,5.766,86,
Costa Rica,2013,CRI,20476.135,520,51,5.751,88,
Costa Rica,2014,CRI,20974.729,580,58,5.59,89,
Costa Rica,2015,CRI,21510.977,540,43,5.682,85,
Costa Rica,2016,CRI,22189.879,460,43,5.494,84,
Costa Rica,2017,CRI,22895.232,480,47,5.282,92,
Costa Rica,2018,CRI,23282.604,510,50,5.379,88,
Costa Rica,2020,CRI,22479.59,510,53,5.931,84,
Costa Rica,2021,CRI,24140.434,520,55,5.689,83,
Croatia,2005,HRV,27629.336,1200,120,5.876,40,
Croatia,2006,HRV,29026.482,1200,150,5.92,31,
Croatia,2007,HRV,30498.662,1100,100,6.402,61,
Croatia,2008,HRV,31102.75,1100,100,6.477,58,
Croatia,2009,HRV,29013.879,960,120,6.864,63,
Croatia,2010,HRV,28691.814,790,85,6.811,76,
Croatia,2012,HRV,28248.32,620,61,6.07,9,
Croatia,2013,HRV,28389.107,590,55,5.441,44,
Croatia,2014,HRV,28448.125,570,41,5.47,71,
Croatia,2015,HRV,29458.7,560,47,5.516,10,
Croatia,2016,HRV,30811.209,520,59,5.537,58,
Croatia,2017,HRV,32337.545,420,62,5.483,66,
Croatia,2018,HRV,33715.938,420,61,5.522,29,
Croatia,2019,HRV,35107.934,340,61,5.559,24,
Croatia,2020,HRV,32479.234,200,60,6.492,51,
Croatia,2021,HRV,36914.113,180,60,6.904,46,
Cyprus,2005,CYP,42337.188,39,6,2.244,64,
Cyprus,2006,CYP,43599.383,41,3,2.336,74,
Cyprus,2008,CYP,45339.75,55,3,2.528,50,
Cyprus,2009,CYP,43249.29,59,2,2.778,23,
Cyprus,2010,CYP,43094.992,70,2,2.999,26,
Cyprus,2011,CYP,42184.42,59,4,3.077,64,
Cyprus,2012,CYP,40114.27,72,6,3.029,43,
Cyprus,2013,CYP,37558.96,47,2,3.193,50,
Cyprus,2014,CYP,37300.188,45,5,2.984,59,
Cyprus,2015,CYP,38795.71,72,3,2.862,56,
Cyprus,2016,CYP,41156.77,66,3,2.787,66,
Cyprus,2017,CYP,43120.656,60,3,2.748,67,
Cyprus,2018,CYP,45269.44,59,5,2.869,59,
Cyprus,2019,CYP,47283.457,76,5,3.83,28,
Cyprus,2020,CYP,45244.85,39,5,6.329,44,
Cyprus,2021,CYP,49929.84,55,6,8.024,51,
Czechia,2000,CZE,30781.717,1600,120,5.12,70,
Czechia,2001,CZE,31798.938,1500,96,5.239,73,
Czechia,2002,CZE,32342.531,1300,87,5.56,73,
Czechia,2003,CZE,33419.668,1300,85,5.832,79,
Czechia,2004,CZE,34991.887,1200,72,5.638,73,
Czechia,2005,CZE,37171.176,1100,71,5.506,74,
Czechia,2006,CZE,39525.906,1100,63,5.32,72,
Czechia,2007,CZE,41452.812,910,73,5.069,73,
Czechia,2008,CZE,42184.336,930,55,5.197,70,
Czechia,2009,CZE,39932.04,730,53,6.036,70,
Czechia,2010,CZE,40896.73,710,41,6.44,73,
Czechia,2011,CZE,41535.613,650,57,6.395,70,
Czechia,2012,CZE,41157.88,650,31,6.452,75,
Czechia,2013,CZE,41127.027,540,68,6.356,69,
Czechia,2014,CZE,42006.17,550,40,6.404,76,
Czechia,2015,CZE,44002.566,580,57,6.213,69,
Czechia,2016,CZE,45051.61,590,43,6.273,69,
Czechia,2017,CZE,47256.684,570,38,6.228,69,
Czechia,2018,CZE,48431.953,500,39,6.341,67,
Czechia,2019,CZE,49961.797,530,23,6.462,74,
Czechia,2020,CZE,47196.45,410,22,8.081,69,
Czechia,2021,CZE,49995.703,400,30,8.2,68,
Denmark,2000,DNK,57948.61,680,50,6.735,86,
Denmark,2001,DNK,58289.906,570,48,7.046,88,
Denmark,2002,DNK,58369.234,460,43,7.293,77,
Denmark,2003,DNK,58467.44,450,33,7.471,84,
Denmark,2004,DNK,59935.613,410,42,7.526,86,
Denmark,2005,DNK,61181.082,450,31,7.613,85,
Denmark,2006,DNK,63307.652,390,25,7.69,71,
Denmark,2007,DNK,63649.715,410,30,7.806,79,
Denmark,2008,DNK,63012.863,380,18,7.991,78,
Denmark,2009,DNK,59558.76,340,29,9.015,74,
Denmark,2010,DNK,60233.363,380,38,8.922,74,
Denmark,2011,DNK,60772.168,410,19,8.716,62,
Denmark,2012,DNK,60540.64,390,25,8.861,64,
Denmark,2013,DNK,61128.395,380,18,8.705,59,
Denmark,2014,DNK,61596.496,340,15,8.688,52,
Denmark,2015,DNK,62450.02,370,19,8.699,50,
Denmark,2016,DNK,63868.758,340,25,8.616,38,
Denmark,2017,DNK,65398.793,290,15,8.478,39,
Denmark,2018,DNK,66285.73,310,11,8.457,16,
Denmark,2019,DNK,67179.125,300,11,8.499,45,
Denmark,2020,DNK,65791.11,240,11,9.04,34,
Denmark,2021,DNK,70342.32,220,11,9.148,20,
Estonia,2000,EST,21119.953,910,120,3.974,70,
Estonia,2001,EST,22504.857,810,100,3.746,64,
Estonia,2002,EST,24218.04,710,100,3.601,67,
Estonia,2003,EST,26221.773,670,120,3.915,70,
Estonia,2004,EST,28172.957,620,110,3.973,76,
Estonia,2005,EST,31032.965,550,59,3.943,77,
Estonia,2006,EST,34264.023,490,79,3.743,71,
Estonia,2007,EST,37026.652,520,75,3.92,66,
Estonia,2008,EST,35223.24,460,65,4.549,64,
Estonia,2009,EST,30128.023,410,58,5.271,64,
Estonia,2010,EST,30936.557,330,48,4.975,66,
Estonia,2011,EST,33391.11,340,55,4.604,64,
Estonia,2012,EST,34741.37,300,45,4.611,74,
Estonia,2013,EST,35477.637,300,33,4.685,87,
Estonia,2014,EST,36752.746,270,34,4.76,84,
Estonia,2015,EST,37403.79,240,27,4.961,83,
Estonia,2016,EST,38549.473,220,33,5.003,80,
Estonia,2017,EST,40672.336,200,26,4.854,80,
Estonia,2018,EST,42030.55,170,16,4.93,83,
Estonia,2019,EST,43435.2,170,20,5.041,76,
Estonia,2020,EST,42099.355,140,11,5.851,75,
Estonia,2021,EST,45063.543,120,14,5.743,84,
Finland,2007,FIN,57846.062,340,58,6.239,41,
Finland,2008,FIN,58029.043,380,62,6.456,40,
Finland,2009,FIN,53088.1,460,56,7.102,41,
Finland,2010,FIN,54520.086,350,49,7.047,47,
Finland,2011,FIN,55565.156,360,63,7.158,40,
Finland,2012,FIN,54459.246,300,51,7.495,44,
Finland,2013,FIN,53677.812,310,32,7.643,53,
Finland,2014,FIN,53200.723,290,41,7.631,45,
Finland,2015,FIN,53273.14,310,34,7.421,36,
Finland,2016,FIN,54486.46,260,27,7.148,32,
Finland,2017,FIN,56154.418,270,36,6.974,36,
Finland,2018,FIN,56749.004,260,31,6.959,20,
Finland,2019,FIN,57451.63,260,31,7.142,38,
Finland,2020,FIN,55940.074,200,31,7.615,25,
Finland,2021,FIN,57350.87,200,31,7.785,7,
France,2016,FRA,52327.45,5700,510,9.505,54,
France,2017,FRA,53262.957,5900,500,9.425,24,
France,2018,FRA,53945.88,5800,510,9.316,11,
France,2019,FRA,54856.867,5900,510,9.246,12,
France,2020,FRA,50610.633,5300,510,10.216,37,
France,2021,FRA,53901.11,4900,510,10.45,37,
Germany,2000,DEU,50314.254,10000,760,7.722,77,
Germany,2001,DEU,51051.715,7700,650,7.743,67,
Germany,2002,DEU,50849.594,7600,610,7.904,69,
Germany,2003,DEU,50552.133,7700,610,8.022,71,
Germany,2004,DEU,51150.836,6800,510,7.666,71,
Germany,2005,DEU,51633.188,6300,500,7.769,73,
Germany,2006,DEU,53684.547,5700,470,7.628,44,
Germany,2007,DEU,55309.996,5100,480,7.531,77,
Germany,2008,DEU,55919.77,4500,390,7.694,78,
Germany,2009,DEU,52952.93,4600,380,9.365,76,
Germany,2010,DEU,55233.316,4500,380,9.236,76,
Germany,2011,DEU,58381.22,4500,370,8.958,73,
Germany,2012,DEU,58548.1,4400,380,9.006,74,
Germany,2013,DEU,58614.05,4600,410,9.22,67,
Germany,2014,DEU,59636.555,4800,350,9.285,63,
Germany,2015,DEU,60099.637,6200,350,9.421,65,
Germany,2016,DEU,60984.477,6300,330,9.483,70,
Germany,2017,DEU,62407.164,5900,330,9.566,71,
Germany,2018,DEU,62914.547,5800,340,9.66,71,
Germany,2019,DEU,63392.95,5100,290,9.841,69,
Germany,2020,DEU,60747.273,4400,290,10.824,74,
Germany,2021,DEU,62950.047,4200,290,11.027,67,
Greece,2018,GRC,32767.568,470,56,4.808,0,
Hungary,2000,HUN,22329.424,3500,420,4.721,64,
Hungary,2001,HUN,23292.512,3400,390,4.653,46,
Hungary,2002,HUN,24466.445,3100,330,4.954,55,
Hungary,2003,HUN,25536.309,3100,310,5.729,48,
Hungary,2004,HUN,26873.748,2600,300,5.461,66,
Hungary,2005,HUN,28083.578,2100,260,5.644,63,
Hungary,2006,HUN,29237.266,1900,190,5.503,62,
Hungary,2007,HUN,29363.816,1800,220,4.961,60,
Hungary,2008,HUN,29710.59,1600,190,4.882,62,
Hungary,2009,HUN,27793.346,1500,170,4.933,67,
Hungary,2010,HUN,28156.037,1800,150,4.996,74,
Hungary,2011,HUN,28763.053,1500,120,4.975,76,
Hungary,2012,HUN,28550.514,1300,130,4.855,70,
Hungary,2013,HUN,29145.291,1200,98,4.82,74,
Hungary,2014,HUN,30460.725,920,86,4.727,73,
Hungary,2015,HUN,31665.229,990,100,4.672,71,
Hungary,2016,HUN,32457.826,850,66,4.757,71,
Hungary,2017,HUN,33934.516,750,65,4.647,67,
Hungary,2018,HUN,35799.562,690,86,4.576,66,
Hungary,2019,HUN,37557.926,610,64,4.314,65,
Hungary,2020,HUN,35949.918,440,64,5.157,66,
Hungary,2021,HUN,38648.0,360,63,5.349,64,
Iceland,2000,ISL,47997.566,15,2,7.189,100,
Iceland,2001,ISL,49264.7,14,3,7.058,67,
Iceland,2002,ISL,49100.117,9,4,7.653,100,
Iceland,2003,ISL,49806.08,6,7,7.908,100,
Iceland,2004,ISL,53222.83,13,4,7.551,91,
Iceland,2005,ISL,55595.41,12,3,7.247,100,
Iceland,2006,ISL,57736.027,15,3,6.981,85,
Iceland,2007,ISL,61053.125,14,5,6.851,92,
Iceland,2008,ISL,61252.402,7,2,6.86,100,
Iceland,2009,ISL,56365.465,10,8,7.164,71,
Iceland,2010,ISL,54847.63,25,4,6.678,91,
Iceland,2011,ISL,55689.62,9,3,6.615,89,
Iceland,2012,ISL,55983.273,12,3,6.588,90,
Iceland,2013,ISL,57980.855,13,2,6.61,91,
Iceland,2014,ISL,58306.83,9,2,6.685,89,
Iceland,2015,ISL,60262.523,8,2,6.583,100,
Iceland,2016,ISL,63178.207,7,2,6.658,83,
Iceland,2017,ISL,64302.406,15,2,6.826,92,
Iceland,2018,ISL,65663.93,9,2,6.962,100,
Iceland,2019,ISL,65431.324,15,2,7.165,100,
Iceland,2020,ISL,59909.773,14,2,8.052,25,
Iceland,2021,ISL,62032.27,8,2,8.136,57,
India,2000,IND,3099.503,3410000,921000,0.939,34,
India,2001,IND,3188.8103,3460000,980000,0.909,54,
India,2002,IND,3250.6956,3510000,916000,0.877,60,
India,2003,IND,3445.926,3550000,848000,0.819,76,
India,2004,IND,3656.1262,3580000,779000,0.801,81,
India,2005,IND,3881.966,3590000,750000,0.828,87,
India,2006,IND,4129.7783,3580000,729000,0.805,87,
India,2007,IND,4379.696,3550000,691000,0.795,88,
India,2008,IND,4450.39,3510000,672000,0.836,88,
India,2009,IND,4731.362,3470000,620000,0.907,89,
India,2010,IND,5059.2827,3420000,579000,0.862,89,
India,2011,IND,5249.5493,3370000,556000,0.91,89,
India,2012,IND,5460.4375,3290000,529000,0.903,88,
India,2013,IND,5732.2417,3210000,495000,0.829,88,
India,2014,IND,6079.8438,3180000,449000,0.829,74,
India,2015,IND,6488.146,3130000,424000,0.928,72,
India,2016,IND,6940.626,3020000,393000,0.947,69,
India,2017,IND,7326.607,2930000,377000,0.974,81,
India,2018,IND,7714.34,2850000,366000,0.985,82,
India,2019,IND,7930.0913,2800000,339000,0.982,84,
India,2020,IND,7399.531,2750000,353000,1.094,85,
India,2021,IND,8050.0186,2810000,366000,1.183,87,
Indonesia,2000,IDN,6056.382,792000,120000,0.585,87,
Indonesia,2001,IDN,6190.5195,801000,120000,0.782,86,
Indonesia,2002,IDN,6381.9497,809000,119000,0.673,86,
Indonesia,2003,IDN,6599.092,816000,118000,0.813,87,
Indonesia,2004,IDN,6843.5464,821000,116000,0.748,87,
Indonesia,2005,IDN,7140.8545,824000,117000,0.734,89,
Indonesia,2006,IDN,7434.488,827000,120000,0.834,90,
Indonesia,2007,IDN,7802.464,830000,121000,1.028,90,
Indonesia,2008,IDN,8165.0615,831000,121000,0.917,90,
Indonesia,2009,IDN,8435.456,832000,122000,0.949,89,
Indonesia,2010,IDN,8848.225,834000,120000,0.679,89,
Indonesia,2011,IDN,9274.97,836000,118000,0.717,88,
Indonesia,2012,IDN,9708.612,839000,114000,0.781,86,
Indonesia,2013,IDN,10121.814,841000,111000,0.836,88,
Indonesia,2014,IDN,10504.387,842000,108000,1.043,84,
Indonesia,2015,IDN,10893.662,843000,103000,1.159,85,
Indonesia,2016,IDN,11319.663,843000,100000,1.377,86,
Indonesia,2017,IDN,11772.574,843000,100000,1.356,85,
Indonesia,2018,IDN,12262.231,843000,98000,1.396,83,
Indonesia,2019,IDN,12757.785,842000,96000,1.425,83,
Indonesia,2020,IDN,12388.545,817000,106000,1.877,86,
Indonesia,2021,IDN,12757.074,928000,135000,2.263,87,
Ireland,2000,IRL,53473.297,440,56,4.573,84,
Ireland,2001,IRL,55421.047,450,37,5.014,56,
Ireland,2002,IRL,57709.8,430,45,5.271,77,
Ireland,2003,IRL,58488.53,470,41,5.519,70,
Ireland,2004,IRL,61327.246,470,43,5.698,73,
Ireland,2005,IRL,63449.746,490,28,6.027,71,
Ireland,2006,IRL,64842.59,510,44,5.85,61,
Ireland,2007,IRL,66339.95,500,56,6.186,73,
Ireland,2008,IRL,62086.47,490,35,7.239,74,
Ireland,2009,IRL,58327.254,490,39,8.11,65,
Ireland,2010,IRL,58986.598,450,38,8.017,74,
Ireland,2011,IRL,59698.258,450,31,7.638,61,
Ireland,2012,IRL,59208.66,390,29,7.639,61,
Ireland,2013,IRL,60188.855,410,25,7.283,59,
Ireland,2014,IRL,65328.8,340,26,6.76,56,
Ireland,2015,IRL,80644.28,340,19,5.256,57,
Ireland,2016,IRL,80713.984,340,19,5.422,36,
Ireland,2017,IRL,87863.664,350,20,5.188,35,
Ireland,2018,IRL,93328.98,340,20,5.078,39,
Ireland,2019,IRL,96701.664,280,20,4.986,4,
Ireland,2020,IRL,102562.54,260,20,5.512,6,
Ireland,2021,IRL,118102.766,240,20,5.105,3,
Israel,2000,ISR,33174.027,620,85,4.17,86,
Israel,2001,ISR,32456.18,590,61,4.4,86,
Israel,2002,ISR,31770.395,540,66,4.432,87,
Israel,2003,ISR,31659.047,540,59,4.285,84,
Israel,2004,ISR,32559.822,520,45,4.203,87,
Israel,2005,ISR,33339.44,430,53,4.137,86,
Israel,2006,ISR,34583.324,390,40,4.18,84,
Israel,2007,ISR,36020.75,460,44,4.057,82,
Israel,2008,ISR,36549.254,370,32,4.184,88,
Israel,2009,ISR,36081.49,400,30,4.224,88,
Israel,2010,ISR,37424.074,390,31,4.316,84,
Israel,2011,ISR,38782.516,470,27,4.271,78,
Israel,2012,ISR,39040.465,580,26,4.357,81,
Israel,2013,ISR,39939.812,350,18,4.414,84,
Israel,2014,ISR,40702.75,420,20,4.451,89,
Israel,2015,ISR,40827.438,320,18,4.463,83,
Israel,2016,ISR,41783.31,290,19,4.509,79,
Israel,2017,ISR,42732.34,270,15,4.597,87,
Israel,2018,ISR,43624.824,340,23,4.693,78,
Israel,2019,ISR,44419.97,250,22,4.683,84,
Israel,2020,ISR,43004.207,180,23,5.247,81,
Israel,2021,ISR,46238.223,240,23,5.15,86,
Italy,2000,ITA,50999.895,4000,620,5.496,74,
Italy,2001,ITA,51993.96,4900,570,5.774,40,
Italy,2002,ITA,52056.73,4500,560,5.897,79,
Italy,2003,ITA,51860.34,5000,610,5.901,95,
Japan,2000,JPN,39220.08,45000,5200,5.658,45,
Japan,2001,JPN,39276.754,41000,4800,5.861,58,
Japan,2002,JPN,39201.977,38000,4500,5.937,63,
Japan,2003,JPN,39718.695,36000,4400,5.987,65,
Japan,2004,JPN,40573.332,34000,4400,6.049,49,
Japan,2005,JPN,41301.355,31000,4400,6.216,51,
Japan,2006,JPN,41841.63,29000,4200,6.174,54,
Japan,2007,JPN,42413.78,28000,4100,6.321,48,
Japan,2008,JPN,41874.23,28000,4000,6.566,51,
Japan,2009,JPN,39495.164,27000,3800,7.283,56,
Japan,2010,JPN,41106.26,26000,3800,7.425,56,
Japan,2011,JPN,41192.277,25000,3700,8.783,55,
Japan,2012,JPN,41825.312,24000,3600,8.957,54,
Japan,2013,JPN,42725.55,24000,3400,8.994,54,
Japan,2014,JPN,42909.004,23000,3300,9.025,53,
Japan,2015,JPN,43624.926,21000,3000,9.039,53,
Japan,2016,JPN,43976.266,20000,3000,8.957,70,
Japan,2017,JPN,44749.637,19000,3700,8.974,68,
Japan,2018,JPN,45094.734,18000,3500,8.997,66,
Japan,2019,JPN,44976.508,17000,3500,9.211,66,
Japan,2020,JPN,43238.297,15000,3500,9.545,65,
Japan,2021,JPN,44549.34,13000,3500,9.533,64,
Latvia,2000,LVA,14038.209,2300,360,2.758,72,
Latvia,2001,LVA,15139.424,2300,340,2.812,73,
Latvia,2002,LVA,16490.418,2100,260,2.857,76,
Latvia,2003,LVA,18054.053,1900,270,2.73,74,
Latvia,2004,LVA,19844.684,1800,210,3.484,79,
Latvia,2005,LVA,22390.348,1600,210,3.249,79,
Latvia,2006,LVA,25494.701,1500,210,3.51,79,
Latvia,2007,LVA,28380.549,1400,170,3.355,83,
Latvia,2008,LVA,27708.486,1200,140,3.369,77,
Latvia,2009,LVA,23651.324,1100,130,3.637,77,
Latvia,2010,LVA,23264.59,1000,110,3.67,78,
Latvia,2011,LVA,24411.438,990,97,3.635,77,
Latvia,2012,LVA,26521.684,1100,90,3.265,87,
Latvia,2013,LVA,27369.172,1000,110,3.246,83,
Latvia,2014,LVA,28206.936,850,98,3.26,83,
Latvia,2015,LVA,29514.736,800,120,3.315,84,
Latvia,2016,LVA,30545.74,740,95,3.426,85,
Lithuania,2000,LTU,15969.836,3100,400,4.247,73,
Lithuania,2001,LTU,17146.045,3000,390,4.304,72,
Lithuania,2002,LTU,18445.715,2800,370,4.543,71,
Lithuania,2003,LTU,20558.402,3000,370,4.663,74,
Lithuania,2004,LTU,22142.383,2300,320,3.668,81,
Lithuania,2005,LTU,24245.934,2400,390,3.768,79,
Lithuania,2006,LTU,26458.053,2700,390,3.951,79,
Lithuania,2007,LTU,29740.268,2600,370,4.098,75,
Lithuania,2008,LTU,30828.797,2400,360,4.484,77,
Lithuania,2009,LTU,26547.37,2200,320,5.337,77,
Lithuania,2010,LTU,27225.742,2000,230,4.887,74,
Lithuania,2011,LTU,29608.605,2000,230,4.606,78,
Lithuania,2012,LTU,31323.63,1900,270,4.225,80,
Lithuania,2013,LTU,32922.773,1800,230,4.058,80,
Lithuania,2014,LTU,34459.82,1700,240,4.184,81,
Lithuania,2015,LTU,35770.94,1600,200,4.358,79,
Lithuania,2016,LTU,37196.375,1500,190,4.42,84,
Lithuania,2017,LTU,39459.9,1500,170,4.275,83,
Lithuania,2018,LTU,41797.613,1200,130,4.387,87,
Lithuania,2019,LTU,43868.605,1200,130,4.636,87,
Lithuania,2020,LTU,43875.64,790,130,5.244,86,
Lithuania,2021,LTU,46575.69,720,130,5.337,86,
Luxembourg,2010,LUX,133098.05,33,1,5.657,0,
Luxembourg,2013,LUX,131592.6,44,1,4.35,0,
Luxembourg,2017,LUX,133845.17,37,3,4.311,0,
Luxembourg,2019,LUX,134105.64,55,2,4.643,36,
Luxembourg,2020,LUX,130689.5,37,2,4.986,38,
Malta,2020,MLT,51613.863,160,2,7.163,99,
Malta,2021,MLT,58199.4,62,2,7.131,98,
Mexico,2000,MEX,20715.873,23000,4000,1.919,76,
Mexico,2002,MEX,19981.475,22000,3700,2.062,83,
Mexico,2003,MEX,19937.625,24000,3700,2.3,82,
Mexico,2004,MEX,20368.49,19000,3000,2.47,81,
Mexico,2005,MEX,20520.318,23000,3100,2.357,74,
Mexico,2006,MEX,21217.143,22000,2900,2.315,77,
Mexico,2007,MEX,21355.223,23000,2700,2.413,80,
Mexico,2008,MEX,21244.197,23000,2900,2.5,81,
Mexico,2009,MEX,19617.918,23000,2700,2.729,83,
Mexico,2010,MEX,20298.826,25000,2900,2.757,82,
Mexico,2011,MEX,20702.826,24000,3000,2.799,82,
Mexico,2012,MEX,21149.451,25000,2800,2.878,80,
Mexico,2013,MEX,21054.742,26000,2900,2.998,80,
Mexico,2014,MEX,21322.33,26000,2700,2.788,80,
Mexico,2015,MEX,21665.557,27000,2900,2.885,80,
Mexico,2016,MEX,21836.922,27000,3000,2.761,79,
Mexico,2017,MEX,22038.57,28000,2900,2.684,77,
Mexico,2018,MEX,22261.46,29000,2800,2.6,76,
Mexico,2019,MEX,21964.354,29000,3000,2.604,72,
Mexico,2020,MEX,19964.967,29000,3600,3.203,71,
Mexico,2021,MEX,21031.709,32000,4800,2.959,71,
Netherlands,2000,NLD,56629.344,1400,120,5.321,76,
Netherlands,2002,NLD,57283.96,1600,97,6.053,68,
Netherlands,2003,NLD,57070.105,1500,94,6.354,86,
Netherlands,2004,NLD,58018.863,1500,91,6.25,82,
Netherlands,2005,NLD,59060.78,1300,85,6.224,87,
Netherlands,2007,NLD,63286.086,1100,64,7.611,81,
Netherlands,2008,NLD,64374.64,1100,61,7.67,84,
Netherlands,2009,NLD,61697.008,1300,74,8.312,84,
Netherlands,2010,NLD,62191.176,1200,64,8.467,84,
Netherlands,2011,NLD,62999.508,1100,45,8.459,84,
Netherlands,2012,NLD,62153.023,1100,42,8.654,83,
Netherlands,2013,NLD,61951.316,960,45,8.588,88,
Netherlands,2014,NLD,62724.246,940,41,8.568,85,
Netherlands,2015,NLD,63771.105,980,43,8.402,86,
Netherlands,2016,NLD,64970.418,1000,37,8.358,86,
Netherlands,2017,NLD,66383.98,890,31,8.257,87,
Netherlands,2018,NLD,67488.18,910,35,8.227,86,
Netherlands,2019,NLD,68589.68,860,34,8.396,86,
Netherlands,2020,NLD,65571.375,710,34,9.536,83,
Netherlands,2021,NLD,69323.33,770,34,9.448,82,
New Zealand,2000,NZL,36062.344,400,28,5.828,30,
New Zealand,2001,NZL,37073.49,430,14,5.792,9,
New Zealand,2002,NZL,38152.508,380,19,6.154,60,
New Zealand,2004,NZL,40175.938,430,33,6.292,71,
New Zealand,2005,NZL,41057.066,380,23,6.592,73,
New Zealand,2006,NZL,41687.01,400,24,6.917,77,
New Zealand,2007,NZL,42559.742,320,17,6.863,86,
New Zealand,2008,NZL,41676.98,340,17,7.377,80,
New Zealand,2009,NZL,41240.96,340,17,7.799,80,
New Zealand,2010,NZL,41374.203,350,18,7.787,80,
New Zealand,2011,NZL,41980.227,350,16,7.7,64,
New Zealand,2012,NZL,42706.58,340,11,7.769,81,
New Zealand,2013,NZL,43549.457,310,12,7.493,84,
New Zealand,2014,NZL,44440.12,340,13,7.48,82,
New Zealand,2015,NZL,45170.42,340,22,7.333,80,
New Zealand,2016,NZL,45822.71,340,13,7.271,84,
New Zealand,2017,NZL,46400.08,350,13,7.049,82,
New Zealand,2018,NZL,47171.28,350,13,7.16,84,
New Zealand,2019,NZL,47523.23,360,13,7.226,83,
New Zealand,2020,NZL,46289.387,360,14,7.75,89,
New Zealand,2021,NZL,48194.043,350,14,8.119,87,
Norway,2000,NOR,77783.39,250,58,6.292,70,
Norway,2001,NOR,78990.53,320,56,6.632,87,
Norway,2002,NOR,79647.98,280,38,7.445,80,
Norway,2003,NOR,79930.38,380,59,7.646,97,
Norway,2004,NOR,82649.414,330,49,7.302,88,
Norway,2005,NOR,84292.59,320,46,6.892,91,
Norway,2006,NOR,85674.63,320,42,6.569,88,
Norway,2007,NOR,87263.59,330,38,6.71,71,
Norway,2008,NOR,86598.08,340,28,6.659,87,
Norway,2009,NOR,83853.56,380,31,7.627,86,
Norway,2010,NOR,83467.305,340,30,7.501,89,
Norway,2011,NOR,83302.54,370,32,7.374,88,
Norway,2012,NOR,84450.15,390,24,7.392,79,
Norway,2013,NOR,84283.03,420,23,7.545,89,
Norway,2014,NOR,85044.75,350,14,7.917,84,
Norway,2015,NOR,85766.61,330,13,8.611,88,
Norway,2016,NOR,86004.54,320,20,8.991,88,
Norway,2017,NOR,87414.586,270,19,8.708,91,
Norway,2018,NOR,87559.28,220,20,8.536,84,
Norway,2019,NOR,87947.55,180,20,8.947,85,
Norway,2020,NOR,86313.75,170,20,9.821,89,
Norway,2021,NOR,89209.14,160,20,8.431,87,
Peru,2000,PER,7670.46,49000,4600,2.342,90,
Peru,2001,PER,7613.021,47000,4000,2.496,90,
Peru,2002,PER,7932.991,46000,3800,2.537,92,
Peru,2003,PER,8175.834,40000,3500,2.404,89,
Peru,2004,PER,8497.498,42000,3500,2.354,90,
Peru,2005,PER,8951.547,43000,3400,2.62,91,
Peru,2006,PER,9549.612,43000,3400,2.228,78,
Peru,2007,PER,10288.186,41000,3200,2.155,92,
Peru,2008,PER,11153.515,41000,3100,2.18,82,
Peru,2009,PER,11206.371,40000,2900,2.551,81,
Peru,2010,PER,12061.164,39000,2800,2.459,68,
Peru,2011,PER,12728.865,39000,3100,2.321,74,
Peru,2012,PER,13397.783,38000,3000,2.493,67,
Peru,2013,PER,14054.639,37000,2700,2.661,79,
Peru,2014,PER,14247.101,38000,2700,2.959,87,
Peru,2015,PER,14545.381,38000,2900,3.022,87,
Peru,2016,PER,14920.104,37000,3300,3.059,86,
Peru,2017,PER,15072.204,37000,2600,3.035,86,
Peru,2018,PER,15388.998,38000,2800,3.174,83,
Peru,2019,PER,15466.295,39000,2900,3.258,83,
Peru,2020,PER,13612.021,38000,3400,4.327,85,
Peru,2021,PER,15282.273,43000,4700,4.468,86,
Poland,2000,POL,18889.662,13000,1200,3.642,72,
Poland,2001,POL,19127.988,12000,1200,4.025,76,
Poland,2002,POL,19500.68,12000,1100,4.274,86,
Poland,2003,POL,20201.39,12000,1100,4.117,78,
Poland,2004,POL,21242.229,10000,950,3.975,46,
Poland,2005,POL,21944.541,9400,920,3.988,78,
Poland,2006,POL,23320.338,9200,840,4.018,77,
Poland,2007,POL,24910.422,9200,860,4.116,78,
Poland,2008,POL,25998.893,8500,910,4.569,75,
Poland,2009,POL,26660.725,8800,830,4.72,68,
Poland,2010,POL,27584.254,8100,640,4.636,67,
Poland,2011,POL,29018.326,9100,720,4.456,62,
Poland,2012,POL,29457.092,8100,700,4.388,60,
Poland,2013,POL,29676.557,8100,600,4.579,59,
Poland,2014,POL,30863.12,7500,600,4.465,58,
Poland,2015,POL,32252.387,7200,600,4.467,53,
Poland,2016,POL,33244.3,7100,620,4.555,54,
Portugal,2000,PRT,35255.277,4900,630,6.002,79,
Portugal,2001,PRT,35687.953,5000,620,6.058,78,
Portugal,2002,PRT,35766.66,5000,600,6.329,82,
Portugal,2003,PRT,35301.07,4600,570,6.446,84,
Portugal,2004,PRT,35846.69,4200,560,6.73,83,
Portugal,2005,PRT,36059.992,3800,500,6.848,87,
Portugal,2006,PRT,36579.953,3700,450,5.938,87,
Portugal,2007,PRT,37423.324,3400,400,5.806,85,
Portugal,2008,PRT,37488.703,3200,360,5.994,87,
Portugal,2009,PRT,36283.67,3100,370,6.469,83,
Portugal,2010,PRT,36897.203,3000,290,6.678,74,
Portugal,2011,PRT,36318.336,2900,310,6.282,77,
Portugal,2012,PRT,34988.68,2900,300,5.921,78,
Portugal,2013,PRT,34835.01,2700,290,5.863,74,
Portugal,2014,PRT,35283.008,2500,290,5.774,72,
Portugal,2015,PRT,35992.688,2400,280,5.751,72,
Portugal,2016,PRT,36830.03,2100,260,5.793,70,
Portugal,2017,PRT,38143.758,2000,250,5.698,73,
Portugal,2018,PRT,39330.5,2100,270,5.763,67,
Portugal,2019,PRT,40400.805,2000,280,5.789,71,
Portugal,2020,PRT,37047.105,1600,280,6.782,73,
Portugal,2021,PRT,38862.09,1700,280,6.99,68,
Romania,2005,ROU,20754.506,30000,1900,4.444,85,
Romania,2006,ROU,22554.06,28000,1800,4.029,85,
Romania,2007,ROU,24545.506,26000,1700,4.107,86,
Romania,2008,ROU,27280.908,25000,1700,4.09,86,
Romania,2009,ROU,25991.533,24000,1600,4.156,87,
Romania,2010,ROU,25125.145,21000,1600,4.507,84,
Romania,2011,ROU,26384.123,20000,1400,3.368,86,
Romania,2012,ROU,27006.336,19000,1300,3.468,85,
Romania,2013,ROU,27182.37,18000,1200,4.145,85,
Romania,2014,ROU,28407.402,17000,1200,3.972,85,
Romania,2015,ROU,29442.305,16000,1100,3.857,85,
Romania,2016,ROU,30458.562,15000,1100,3.979,86,
Romania,2017,ROU,33145.82,14000,1000,4.081,86,
Romania,2018,ROU,35381.91,13000,1000,4.4,84,
Romania,2019,ROU,36964.258,13000,980,4.597,84,
Romania,2020,ROU,35802.69,8300,720,4.998,82,
Romania,2021,ROU,38071.176,8700,680,5.068,81,
Slovakia,2000,SVK,18374.59,1200,54,4.728,82,
Slovakia,2001,SVK,18946.719,1100,59,4.75,87,
Slovakia,2002,SVK,19790.836,1100,66,4.903,85,
Slovakia,2003,SVK,20765.682,1100,68,4.783,87,
Slovakia,2004,SVK,21889.305,760,53,5.019,89,
Slovakia,2005,SVK,23306.523,820,47,4.96,93,
Slovakia,2006,SVK,25385.625,770,47,4.794,87,
Slovakia,2007,SVK,28123.795,720,35,4.974,89,
Slovakia,2008,SVK,29606.78,670,43,5.243,91,
Slovakia,2009,SVK,27939.568,520,43,5.841,87,
Slovakia,2010,SVK,29809.037,470,35,5.513,88,
Slovakia,2011,SVK,30533.477,430,26,5.385,93,
Slovakia,2012,SVK,30959.865,370,18,5.439,88,
Slovakia,2013,SVK,31144.129,460,20,5.562,94,
Slovakia,2014,SVK,31956.469,370,35,5.523,88,
Slovakia,2015,SVK,33578.89,350,35,5.391,86,
Slovakia,2016,SVK,34188.84,320,35,5.603,86,
Slovakia,2017,SVK,35117.14,260,35,5.401,92,
Slovakia,2018,SVK,36493.062,310,35,5.342,92,
Slovakia,2019,SVK,37273.133,250,36,5.521,94,
Slovakia,2020,SVK,36278.3,180,36,5.72,86,
Slovakia,2021,SVK,38437.492,150,36,6.185,88,
Slovenia,2000,SVN,30298.982,420,23,5.689,84,
Slovenia,2001,SVN,31107.014,410,28,5.629,82,
Slovenia,2002,SVN,32088.34,390,24,5.885,85,
Slovenia,2003,SVN,33093.613,330,30,5.898,85,
Slovenia,2004,SVN,34575.895,290,13,5.83,83,
Slovenia,2005,SVN,35846.35,310,19,5.876,82,
Slovenia,2006,SVN,37843.477,240,19,5.721,83,
Slovenia,2007,SVN,40319.113,250,30,5.372,84,
Slovenia,2008,SVN,41612.91,240,36,5.777,79,
Slovenia,2009,SVN,38108.234,210,26,6.241,84,
Slovenia,2010,SVN,38364.383,190,21,6.288,82,
Slovenia,2011,SVN,38535.707,210,14,6.268,81,
Slovenia,2012,SVN,37333.69,150,11,6.271,81,
Slovenia,2013,SVN,36975.92,160,10,6.238,77,
Slovenia,2014,SVN,37960.152,160,22,6.046,77,
Slovenia,2015,SVN,38839.44,150,11,6.116,81,
Slovenia,2016,SVN,39988.71,140,8,6.166,71,
Slovenia,2017,SVN,42030.492,130,8,5.909,77,
Slovenia,2018,SVN,43712.26,110,7,6.027,78,
Slovenia,2019,SVN,44930.54,110,15,6.18,70,
Slovenia,2020,SVN,42807.46,86,15,6.898,74,
Slovenia,2021,SVN,46274.28,91,15,6.995,74,
South Africa,2000,ZAF,11197.515,357000,148000,2.685,63,
South Africa,2001,ZAF,11401.431,410000,178000,2.403,61,
South Africa,2002,ZAF,11711.884,463000,171000,2.306,68,
South Africa,2003,ZAF,11937.716,514000,191000,2.791,67,
South Africa,2004,ZAF,12356.316,559000,194000,2.732,65,
South Africa,2005,ZAF,12877.307,595000,216000,2.745,69,
South Africa,2006,ZAF,13460.689,620000,211000,2.837,70,
South Africa,2007,ZAF,14033.4,636000,211000,2.919,71,
South Africa,2008,ZAF,14315.189,644000,198000,2.998,73,
South Africa,2009,ZAF,13927.729,644000,190000,3.381,68,
South Africa,2010,ZAF,14182.334,639000,115000,3.572,53,
South Africa,2011,ZAF,14451.929,630000,112000,3.692,77,
South Africa,2012,ZAF,14581.589,617000,85000,3.696,77,
South Africa,2013,ZAF,14699.066,595000,74000,3.699,78,
South Africa,2014,ZAF,14661.263,584000,68000,3.64,78,
South Africa,2015,ZAF,14559.475,552000,65000,3.753,81,
South Africa,2016,ZAF,14519.031,454000,63000,3.751,82,
South Africa,2017,ZAF,14591.437,418000,60000,3.745,77,
South Africa,2018,ZAF,14571.376,388000,59000,3.792,71,
South Africa,2019,ZAF,14370.238,357000,58000,3.945,79,
South Africa,2020,ZAF,13266.786,330000,57000,4.344,78,
South Africa,2021,ZAF,13711.294,304000,55000,4.087,79,
South Korea,2000,KOR,25189.857,23000,4000,2.09,83,
South Korea,2001,KOR,26210.3,40000,3800,2.46,79,
South Korea,2002,KOR,28072.367,37000,3800,2.323,83,
South Korea,2003,KOR,28806.19,39000,3900,2.445,82,
South Korea,2004,KOR,30183.496,37000,3500,2.442,81,
South Korea,2005,KOR,31417.291,46000,3600,2.586,83,
South Korea,2006,KOR,32897.965,45000,3400,2.851,82,
South Korea,2007,KOR,34630.492,45000,3000,2.936,83,
South Korea,2008,KOR,35404.05,43000,2900,3.017,84,
South Korea,2009,KOR,35501.508,46000,2800,3.355,83,
South Korea,2010,KOR,37728.88,47000,3000,3.435,89,
South Korea,2011,KOR,38819.777,49000,3000,3.446,81,
South Korea,2012,KOR,39543.996,47000,3000,3.472,81,
South Korea,2013,KOR,40610.164,44000,2700,3.553,82,
South Korea,2014,KOR,41648.246,43000,2800,3.67,81,
South Korea,2015,KOR,42593.008,40000,2700,3.786,84,
South Korea,2016,KOR,43674.508,39000,2600,3.95,84,
South Korea,2017,KOR,44928.05,36000,2200,4.098,83,
South Korea,2018,KOR,46034.29,33000,2200,4.38,82,
South Korea,2019,KOR,46903.84,30000,2000,4.823,82,
South Korea,2020,KOR,46506.934,25000,2000,5.085,81,
South Korea,2021,KOR,48571.434,23000,2000,5.556,80,
Spain,2010,ESP,42515.49,7900,540,6.789,69,
Spain,2011,ESP,42093.582,7400,420,6.737,72,
Spain,2012,ESP,40861.01,6500,430,6.603,71,
Spain,2013,ESP,40409.99,6000,370,6.438,75,
Spain,2014,ESP,41147.246,5500,360,6.385,58,
Spain,2016,ESP,44063.383,5400,320,6.404,69,
Spain,2017,ESP,45233.24,5000,310,6.309,61,
Spain,2018,ESP,46114.344,5200,320,6.32,45,
Spain,2019,ESP,46682.477,4700,310,6.441,47,
Spain,2020,ESP,41372.78,3400,310,7.853,53,
Spain,2021,ESP,44091.11,3900,320,7.598,37,
Sweden,2000,SWE,48174.934,480,74,6.267,79,
Sweden,2001,SWE,48699.562,450,92,6.49,62,
Sweden,2002,SWE,49646.94,430,100,6.779,73,
Sweden,2003,SWE,50392.918,460,62,6.914,83,
Sweden,2004,SWE,52293.03,490,54,6.722,64,
Sweden,2005,SWE,53539.113,620,63,6.708,69,
Sweden,2006,SWE,55728.254,560,69,6.632,63,
Sweden,2007,SWE,57100.438,530,66,6.598,68,
Sweden,2008,SWE,56134.32,590,67,6.772,90,
Sweden,2009,SWE,53289.566,660,64,7.237,88,
Sweden,2010,SWE,55875.72,710,38,6.863,88,
Sweden,2011,SWE,57209.918,620,50,8.8,87,
Sweden,2012,SWE,56552.895,680,43,9.041,83,
Sweden,2013,SWE,56713.703,700,47,9.162,90,
Sweden,2014,SWE,57442.918,730,33,9.199,88,
Sweden,2015,SWE,59345.35,900,28,9.071,87,
Sweden,2016,SWE,59981.418,810,29,9.144,91,
Sweden,2017,SWE,60258.727,560,25,9.136,87,
Sweden,2018,SWE,60696.242,550,24,9.276,78,
Sweden,2019,SWE,61615.992,550,25,9.221,61,
Sweden,2020,SWE,59945.586,360,25,9.767,72,
Sweden,2021,SWE,63124.598,400,25,9.556,85,
Switzerland,2016,CHE,77999.46,660,31,7.645,68,
Switzerland,2017,CHE,78328.09,610,22,7.772,78,
Switzerland,2018,CHE,79977.305,540,22,7.52,82,
Switzerland,2019,CHE,80315.68,460,21,7.748,68,
Switzerland,2020,CHE,78023.34,400,21,8.352,74,
Switzerland,2021,CHE,81603.21,410,21,8.243,75,
Turkey,2000,TUR,14878.176,21000,1600,2.837,73,
Turkey,2001,TUR,13849.279,20000,1400,3.287,72,
Turkey,2002,TUR,14565.538,21000,1200,3.542,65,
Turkey,2003,TUR,15227.171,21000,980,3.57,72,
Turkey,2004,TUR,16533.355,20000,570,3.52,81,
Turkey,2005,TUR,17828.541,23000,870,3.315,88,
Turkey,2006,TUR,18872.418,23000,630,3.543,91,
Turkey,2007,TUR,19792.387,22000,680,3.603,91,
Turkey,2008,TUR,19702.756,21000,770,3.793,91,
Turkey,2009,TUR,18495.398,20000,1000,4.423,90,
Turkey,2010,TUR,19751.621,18000,890,3.916,89,
Turkey,2011,TUR,21643.8,17000,870,3.682,90,
Turkey,2012,TUR,22392.938,16000,760,3.519,88,
Turkey,2013,TUR,23983.133,15000,640,3.425,86,
Turkey,2014,TUR,24830.574,15000,610,3.357,87,
Turkey,2015,TUR,25992.297,15000,570,3.217,87,
Turkey,2016,TUR,26497.135,14000,570,3.361,87,
Turkey,2017,TUR,28117.953,14000,530,3.248,86,
Turkey,2018,TUR,28575.762,13000,480,3.189,85,
Turkey,2019,TUR,28400.7,13000,450,3.387,83,
Turkey,2020,TUR,28649.55,13000,410,3.64,81,
Turkey,2021,TUR,31637.53,12000,380,3.594,80,
Ukraine,2006,UKR,16901.508,58000,13000,3.878,70,
Ukraine,2007,UKR,18374.014,57000,12000,3.565,71,
Ukraine,2008,UKR,18883.986,55000,12000,3.194,71,
Ukraine,2009,UKR,16092.796,53000,11000,3.856,60,
Ukraine,2010,UKR,16811.795,50000,11000,3.693,69,
Ukraine,2011,UKR,17783.957,48000,9000,3.427,67,
Ukraine,2012,UKR,17848.74,46000,8100,3.743,71,
Ukraine,2013,UKR,17889.092,44000,8200,3.344,71,
Ukraine,2014,UKR,16978.812,43000,8000,3.463,72,
Ukraine,2015,UKR,15403.71,41000,7400,3.755,75,
Ukraine,2016,UKR,15856.8125,39000,6700,3.652,76,
Ukraine,2017,UKR,16310.36,37000,6400,3.559,76,
Ukraine,2018,UKR,16978.984,36000,6200,3.528,77,
Ukraine,2019,UKR,17636.555,34000,5700,3.225,79,
Ukraine,2020,UKR,17092.54,33000,6000,3.727,77,
Ukraine,2021,UKR,17846.408,35000,6000,4.092,75,
United Kingdom,2001,GBR,45836.996,6800,630,5.616,67,
United Kingdom,2002,GBR,46462.96,7800,640,6.01,70,
United Kingdom,2003,GBR,47704.984,8000,650,6.277,71,
United Kingdom,2004,GBR,48600.23,7900,570,6.642,71,
United Kingdom,2005,GBR,49586.67,9200,560,6.782,71,
United Kingdom,2006,GBR,50395.383,9300,570,7.004,74,
United Kingdom,2007,GBR,51317.055,9000,470,7.018,76,
United Kingdom,2008,GBR,50788.082,9300,510,7.311,77,
United Kingdom,2009,GBR,48076.367,9100,470,8.11,81,
United Kingdom,2010,GBR,48766.29,8800,430,7.995,81,
United Kingdom,2011,GBR,48937.477,9500,400,7.975,79,
United Kingdom,2012,GBR,49331.72,9300,400,7.963,80,
United Kingdom,2013,GBR,49884.434,8300,410,7.884,82,
United Kingdom,2014,GBR,51100.336,7400,400,7.883,81,
United Kingdom,2015,GBR,51823.973,6600,390,7.846,79,
United Kingdom,2016,GBR,52421.082,6500,340,7.841,81,
United Kingdom,2017,GBR,53449.293,5900,330,7.657,81,
United Kingdom,2018,GBR,53872.934,5400,330,7.711,80,
United Kingdom,2019,GBR,54440.105,5400,340,7.888,78,
United Kingdom,2020,GBR,48656.164,4700,340,10.103,78,
United Kingdom,2021,GBR,52872.195,5400,340,10.064,86,
United States,2000,USA,55038.62,19000,1800,5.543,83,
United States,2001,USA,55017.305,18000,1700,5.968,83,
United States,2002,USA,55436.117,17000,1600,6.326,83,
United States,2003,USA,56498.207,17000,1400,6.524,83,
United States,2004,USA,58131.633,17000,1300,6.61,84,
United States,2005,USA,59604.754,16000,1200,6.63,83,
United States,2006,USA,60676.566,16000,1100,6.784,84,
United States,2007,USA,61306.598,15000,930,6.886,85,
United States,2008,USA,60798.434,15000,930,7.197,86,
United States,2009,USA,58714.973,13000,830,7.831,62,
United States,2010,USA,59799.285,13000,820,7.887,66,
United States,2011,USA,60294.98,12000,750,7.875,80,
United States,2012,USA,61224.406,11000,700,7.852,84,
United States,2013,USA,62089.348,10000,730,7.886,83,
United States,2014,USA,63191.246,10000,640,13.329,85,
United States,2015,USA,64575.406,10000,620,13.598,83,
United States,2016,USA,65275.57,10000,670,13.83,80,
United States,2017,USA,66458.02,10000,650,13.796,77,
United States,2018,USA,68070.21,9800,640,13.694,79,
United States,2019,USA,69511.766,9800,640,13.694,75,
United States,2020,USA,67352.39,7900,640,15.694,74,
United States,2021,USA,71318.305,8700,640,14.431,76,