Country,Year,Code,GDP_per_capital,Tb_new_cases,Tb_deaths,Health_exp_gdp_percent,Treatment_success_rate,mortality_rate,health_exp
Argentina,2000,ARG,22281.38,14000,1100,4.499,47,7.857142857,1002.439286
Argentina,2001,ARG,21066.459,13000,1000,4.594,61,7.692307692,967.7931265
Argentina,2002,ARG,18571.701,13000,1000,4.034,58,7.692307692,749.1824183
Argentina,2003,ARG,20005.139,13000,960,3.774,66,7.384615385,754.9939459
Argentina,2004,ARG,21591.45,13000,900,3.746,57,6.923076923,808.815717
Argentina,2005,ARG,23262.408,12000,900,3.915,46,7.5,910.7232732
Argentina,2006,ARG,24877.25,11000,870,4.019,55,7.909090909,999.8166775
Argentina,2007,ARG,26850.664,12000,900,4.257,60,7.5,1143.032766
Argentina,2008,ARG,27658.484,11000,790,4.509,38,7.181818182,1247.121044
Argentina,2009,ARG,25747.197,8900,790,5.672,43,8.876404494,1460.381014
Argentina,2010,ARG,28056.258,8500,700,5.572,45,8.235294118,1563.294696
Argentina,2011,ARG,29425.76,11000,840,5.688,49,7.636363636,1673.737229
Argentina,2012,ARG,28825.967,10000,780,6.144,56,7.8,1771.067412
Argentina,2013,ARG,29227.66,10000,810,6.264,51,8.1,1830.820622
Argentina,2014,ARG,28200.814,11000,780,6.361,52,7.090909091,1793.853779
Argentina,2015,ARG,28669.207,11000,800,6.853,47,7.272727273,1964.700756
Argentina,2016,ARG,27802.105,12000,830,5.619,54,6.916666667,1562.20028
Argentina,2017,ARG,28334.904,12000,770,6.644,57,6.416666667,1882.571022
Argentina,2018,ARG,27367.115,12000,810,5.883,54,6.75,1610.007375
Argentina,2019,ARG,26629.553,13000,820,5.857,47,6.307692308,1559.692919
Argentina,2020,ARG,23877.094,13000,870,6.644,46,6.692307692,1586.394125
Argentina,2021,ARG,26300.273,13000,900,6.25,48,6.923076923,1643.767063
Australia,2000,AUS,44347.07,1200,72,5.189,72,6,2301.169462
Australia,2001,AUS,44667.926,1100,100,5.2,70,9.090909091,2322.732152
Australia,2002,AUS,45920.18,1200,81,5.402,78,6.75,2480.608124
Australia,2003,AUS,46798.09,1100,65,5.36,80,5.909090909,2508.377624
Australia,2004,AUS,48256.25,1200,75,5.524,91,6.25,2665.67525
Australia,2005,AUS,49176.06,1200,71,5.448,85,5.916666667,2679.111749
Australia,2006,AUS,49853.72,1300,69,5.445,85,5.307692308,2714.535054
Australia,2007,AUS,50799.26,1300,59,5.58,85,4.538461538,2834.598708
Australia,2008,AUS,51577.074,1400,72,5.691,81,5.142857143,2935.251281
Australia,2009,AUS,51481.25,1500,65,5.92,80,4.333333333,3047.69
Australia,2010,AUS,51811.78,1400,62,5.778,82,4.428571429,2993.684648
Australia,2011,AUS,52326.766,1400,63,5.906,78,4.5,3090.4188
Australia,2012,AUS,53435.18,1500,38,5.855,82,2.533333333,3128.629789
Australia,2013,AUS,53890.105,1400,58,5.681,85,4.142857143,3061.496865
Australia,2014,AUS,54470.16,1500,51,6.638,79,3.4,3615.729221
Australia,2015,AUS,54867.773,1400,57,6.978,73,4.071428571,3828.6732
Australia,2016,AUS,55507.977,1600,55,6.941,78,3.4375,3852.808684
Australia,2017,AUS,55846.03,1600,56,6.98,82,3.5,3898.052894
Australia,2018,AUS,56600.438,1700,60,6.992,79,3.529411765,3957.502625
Australia,2019,AUS,56981.395,1700,60,7.347,86,3.529411765,4186.423091
Australia,2020,AUS,56215.58,1900,60,7.671,90,3.157894737,4312.297142
Australia,2021,AUS,57321.562,1700,61,7.765,88,3.588235294,4451.019289
Austria,2000,AUT,54116.547,1400,89,6.952,73,6.357142857,3762.182347
Austria,2001,AUT,54619.77,1200,68,6.953,64,5.666666667,3797.712608
Austria,2002,AUT,55158.492,1200,78,7.027,78,6.5,3875.987233
Austria,2003,AUT,55517.06,1100,55,7.112,68,5,3948.373307
Austria,2004,AUT,56589.035,1000,54,7.125,70,5.4,4031.968744
Austria,2005,AUT,57508.98,1100,62,7.122,71,5.636363636,4095.789556
Austria,2006,AUT,59096.01,980,63,7.091,71,6.428571429,4190.498069
Austria,2008,AUT,61823.1,870,54,7.29,70,6.206896552,4506.90399
Austria,2009,AUT,59450.027,760,52,7.68,70,6.842105263,4565.762074
Austria,2010,AUT,60380.14,760,43,7.63,75,5.657894737,4607.004682
Austria,2011,AUT,61938.617,770,60,7.481,72,7.792207792,4633.627938
Austria,2012,AUT,62044.215,710,46,7.617,69,6.478873239,4725.907857
Austria,2013,AUT,61524.96,720,72,7.612,72,10,4683.279955
Austria,2014,AUT,61507.38,650,74,7.673,74,11.38461538,4719.461267
Austria,2015,AUT,61614.56,650,67,7.678,73,10.30769231,4730.765917
Austria,2016,AUT,62242.336,710,42,7.657,75,5.915492958,4765.895668
Austria,2017,AUT,63216,650,39,7.686,69,6,4858.78176
Austria,2018,AUT,64471.633,540,51,7.727,73,9.444444444,4981.723082
Austria,2019,AUT,65312.023,530,43,7.873,74,8.113207547,5142.015571
Austria,2020,AUT,60931.94,440,43,8.707,70,9.772727273,5305.344016
Austria,2021,AUT,63576.242,450,43,9.504,75,9.555555556,6042.28604
Belgium,2000,BEL,51482.816,1500,120,5.968,66,8,3072.494459
Belgium,2001,BEL,51870.207,1500,120,6.146,64,8,3187.942922
Belgium,2002,BEL,52519.62,1400,100,6.139,69,7.142857143,3224.179472
Belgium,2003,BEL,52843.062,1200,110,6.783,73,9.166666667,3584.344895
Belgium,2004,BEL,54493.844,1300,92,6.986,60,7.076923077,3806.939942
Belgium,2005,BEL,55453.184,1200,100,6.889,58,8.333333333,3820.169846
Belgium,2006,BEL,56494.69,1200,75,6.801,61,6.25,3842.203867
Belgium,2007,BEL,58143.42,1100,99,6.769,68,9,3935.7281
Belgium,2008,BEL,57943.715,1100,91,7.259,45,8.272727273,4206.134272
Belgium,2009,BEL,56383.56,1100,69,7.864,78,6.272727273,4434.003158
Belgium,2010,BEL,57385.035,1200,75,7.768,78,6.25,4457.669519
Belgium,2011,BEL,57737.16,1100,64,7.882,80,5.818181818,4550.842951
Belgium,2012,BEL,57504.03,1000,68,8.02,77,6.8,4611.823206
Belgium,2013,BEL,57408.477,1000,64,8.025,79,6.4,4607.030279
Belgium,2014,BEL,58163.266,1000,48,8.067,81,4.8,4692.030668
Belgium,2015,BEL,58679.684,1100,67,8.237,79,6.090909091,4833.445571
Belgium,2016,BEL,59080.15,1100,39,8.276,82,3.545454545,4889.473214
Belgium,2017,BEL,59720.76,1100,39,8.279,79,3.545454545,4944.28172
Belgium,2018,BEL,60565.98,1000,40,8.311,82,4,5033.638598
Belgium,2019,BEL,61711.113,1000,40,8.089,81,4,4991.811931
Belgium,2020,BEL,58500.633,890,40,8.796,67,4.494382022,5145.715679
Belgium,2021,BEL,61873.965,940,40,8.462,78,4.255319149,5235.774918
Brazil,2000,BRA,14005.348,90000,8800,3.47,71,9.777777778,485.9855756
Brazil,2001,BRA,14016.132,86000,8300,3.513,55,9.651162791,492.3867172
Brazil,2002,BRA,14265.905,94000,7900,3.686,80,8.404255319,525.8412583
Brazil,2003,BRA,14259.366,97000,7700,3.51,77,7.93814433,500.5037466
Brazil,2004,BRA,14911.261,100000,7700,3.467,72,7.7,516.9734189
Brazil,2005,BRA,15221.014,93000,7200,3.345,72,7.741935484,509.1429183
Brazil,2006,BRA,15657.4795,87000,7100,3.542,69,8.16091954,554.5879239
Brazil,2007,BRA,16440.584,87000,7000,3.485,72,8.045977011,572.9543524
Brazil,2008,BRA,17113.367,89000,7200,3.505,69,8.08988764,599.8235134
Brazil,2009,BRA,16939.441,88000,7100,3.708,70,8.068181818,628.1144723
Brazil,2010,BRA,18062.158,87000,8200,3.577,72,9.425287356,646.0833917
Brazil,2011,BRA,18627.81,88000,8000,3.467,73,9.090909091,645.8261727
Brazil,2012,BRA,18832.219,88000,7800,3.356,72,8.863636364,632.0092696
Brazil,2013,BRA,19241.506,89000,7900,3.556,72,8.876404494,684.2279534
Brazil,2014,BRA,19183.172,88000,7600,3.709,71,8.636363636,711.5038495
Brazil,2015,BRA,18357.068,87000,7300,3.861,71,8.390804598,708.7663955
Brazil,2016,BRA,17620.928,88000,7100,3.952,72,8.068181818,696.3790746
Brazil,2017,BRA,17724.48,92000,7200,3.959,71,7.826086957,701.7121632
Brazil,2018,BRA,17917.75,96000,7100,3.897,71,7.395833333,698.2547175
Brazil,2019,BRA,18018.621,96000,7000,3.93,69,7.291666667,708.1318053
Bulgaria,2005,BGR,17811.666,4100,290,4.128,88,7.073170732,735.2655725
Bulgaria,2006,BGR,19168.354,4000,290,3.659,85,7.25,701.3700729
Bulgaria,2007,BGR,20594.764,3600,300,3.457,82,8.333333333,711.9609915
Bulgaria,2008,BGR,22011.092,3800,250,3.532,85,6.578947368,777.4317694
Bulgaria,2009,BGR,21411.86,3400,220,3.583,87,6.470588235,767.1869438
Bulgaria,2010,BGR,21888.504,3100,210,3.932,87,6.774193548,860.6559773
Bulgaria,2011,BGR,22489.762,2800,180,3.86,86,6.428571429,868.1048132
Bulgaria,2012,BGR,22789.791,2700,180,3.845,87,6.666666667,876.267464
Bulgaria,2013,BGR,22793.305,2500,160,4.056,85,6.4,924.4964508
Bulgaria,2014,BGR,23140.871,2300,130,4.493,86,5.652173913,1039.719334
Bulgaria,2015,BGR,24080.256,2100,120,4.15,84,5.714285714,999.330624
Bulgaria,2016,BGR,24983.693,1900,120,4.129,85,6.315789474,1031.576684
Bulgaria,2017,BGR,25857.916,1800,100,4.224,84,5.555555556,1092.238372
Bulgaria,2018,BGR,26709.322,1600,99,4.332,86,6.1875,1157.047829
Bulgaria,2019,BGR,27917.12,1400,99,4.297,82,7.071428571,1199.598646
Bulgaria,2021,BGR,29536.678,1200,96,5.598,79,8,1653.463234
Canada,2000,CAN,47667.434,2000,190,5.771,35,9.5,2750.887616
Canada,2001,CAN,48036.625,2000,190,6.012,42,9.5,2887.961895
Canada,2002,CAN,48943.543,1900,180,6.135,36,9.473684211,3002.686363
Canada,2003,CAN,49381.594,1900,170,6.303,45,8.947368421,3112.52187
Canada,2004,CAN,50436.293,1800,130,6.335,61,7.222222222,3195.139162
Canada,2005,CAN,51564.844,1800,160,6.312,70,8.888888889,3254.772953
Canada,2006,CAN,52391.38,1800,150,6.482,60,8.333333333,3396.009252
Canada,2007,CAN,52948.9,1700,150,6.569,67,8.823529412,3478.213241
Canada,2008,CAN,52899.477,1800,150,6.696,79,8.333333333,3542.14898
Canada,2009,CAN,50772.87,1800,100,7.519,77,5.555555556,3817.612095
Canada,2010,CAN,51763.676,1600,100,7.486,78,6.25,3875.028785
Canada,2011,CAN,52869.387,1600,110,7.316,66,6.875,3867.924353
Canada,2012,CAN,53217.715,1900,110,7.441,79,5.789473684,3959.930173
Canada,2013,CAN,53884.844,1900,120,7.409,82,6.315789474,3992.328092
Canada,2014,CAN,54880.86,1800,120,7.283,82,6.666666667,3996.973034
Canada,2015,CAN,54819.188,1900,130,7.635,84,6.842105263,4185.445004
Canada,2016,CAN,54765.305,2000,110,7.731,78,5.5,4233.90573
Canada,2017,CAN,55756.26,2100,120,7.618,80,5.714285714,4247.511887
Canada,2018,CAN,56470.46,2100,110,7.623,78,5.238095238,4304.743166
Canada,2019,CAN,56713.09,2200,89,7.686,79,4.045454545,4358.968097
Chile,2000,CHL,17531.46,3500,640,3.733,82,18.28571429,654.4494018
Chile,2001,CHL,17876.613,3500,720,3.742,83,20.57142857,668.9428585
Chile,2002,CHL,18246.645,2800,690,3.807,86,24.64285714,694.6497752
Chile,2003,CHL,18909.547,2600,690,3.786,85,26.53846154,715.9154494
Chile,2004,CHL,19969.033,3100,730,3.662,83,23.5483871,731.2659885
Chile,2005,CHL,20925.916,2900,660,3.506,83,22.75862069,733.662615
Chile,2006,CHL,21976.297,2900,650,3.285,85,22.4137931,721.9213565
Chile,2007,CHL,22886.965,2800,590,3.416,85,21.07142857,781.8187244
Chile,2008,CHL,23518.086,2800,480,3.801,72,17.14285714,893.9224489
Chile,2009,CHL,23021.709,2800,520,4.638,72,18.57142857,1067.746863
Chile,2010,CHL,24125.287,2700,580,4.025,71,21.48148148,971.0428018
Chile,2011,CHL,25375.229,2800,500,4.043,71,17.85714286,1025.920508
Chile,2012,CHL,26679.916,2800,520,4.211,44,18.57142857,1123.491263
Chile,2013,CHL,27300.996,2800,510,4.437,47,18.21428571,1211.345193
Chile,2014,CHL,27514.764,2700,420,4.622,58,15.55555556,1271.732392
Chile,2015,CHL,27821.197,3000,520,4.906,62,17.33333333,1364.907925
Chile,2016,CHL,27968.604,2900,470,5.006,79,16.20689655,1400.108316
Chile,2017,CHL,27902.846,3200,470,5.468,78,14.6875,1525.727619
Chile,2018,CHL,28502.725,3400,410,5.565,73,12.05882353,1586.176646
Chile,2019,CHL,28228.5,3300,430,5.68,74,13.03030303,1603.3788
Chile,2020,CHL,26257.832,2800,390,6.33,77,13.92857143,1662.120766
Chile,2021,CHL,29105.102,3000,370,5.881,74,12.33333333,1711.671049
China,2000,CHN,3989.062,1360000,122000,0.986,93,8.970588235,39.33215132
China,2001,CHN,4290.3022,1320000,112000,0.971,95,8.484848485,41.65883436
China,2002,CHN,4650.897,1290000,103000,1.109,92,7.984496124,51.57844773
China,2003,CHN,5085.978,1250000,94000,1.251,93,7.52,63.62558478
China,2004,CHN,5567.1904,1220000,76000,1.295,92,6.229508197,72.09511568
China,2005,CHN,6165.1836,1180000,76000,1.37,92,6.440677966,84.46301532
China,2006,CHN,6910.758,1150000,72000,1.391,92,6.260869565,96.12864378
China,2007,CHN,7853.096,1120000,65000,1.436,93,5.803571429,112.7704586
China,2008,CHN,8566.965,1100000,59000,1.73,93,5.363636364,148.2084945
China,2009,CHN,9325.65,1080000,58000,2.143,94,5.37037037,199.8486795
China,2010,CHN,10267.806,1020000,56000,2.177,95,5.490196078,223.5301366
China,2011,CHN,11187.166,1010000,50000,2.315,95,4.95049505,258.9828929
China,2012,CHN,11985.317,1000000,45000,2.547,95,4.5,305.266024
China,2013,CHN,12830.37,957000,45000,2.705,95,4.702194357,347.0615085
China,2014,CHN,13696.518,926000,42000,2.804,94,4.535637149,384.0503647
China,2015,CHN,14575.935,904000,42000,2.986,94,4.646017699,435.2374191
China,2016,CHN,15485.213,882000,42000,2.892,93,4.761904762,447.83236
China,2017,CHN,16461.07,878000,39000,2.86,93,4.44191344,470.786602
China,2018,CHN,17490.166,860000,36000,2.914,94,4.186046512,509.6634372
China,2019,CHN,18465.299,826000,33000,3.015,94,3.995157385,556.7287649
China,2020,CHN,18833.785,833000,32000,3.102,95,3.841536615,584.2240107
China,2021,CHN,20406.73,780000,30000,2.904,94,3.846153846,592.6114392
Colombia,2000,COL,11010.671,14000,1600,4.312,80,11.42857143,474.7801335
Colombia,2001,COL,11020.81,14000,1700,4.577,71,12.14285714,504.4224737
Colombia,2002,COL,11124.361,14000,1600,4.495,73,11.42857143,500.040027
Colombia,2003,COL,11387.211,14000,1600,4.608,80,11.42857143,524.7226829
Colombia,2004,COL,11819.602,14000,1500,4.407,80,10.71428571,520.8898601
Colombia,2005,COL,12218.054,13000,1300,4.499,71,10,549.6902495
Colombia,2006,COL,12867.045,14000,1300,4.712,71,9.285714286,606.2951604
Colombia,2007,COL,13561.154,14000,1500,4.749,77,10.71428571,644.0192035
Colombia,2008,COL,13838.885,14000,1500,4.911,56,10.71428571,679.6276424
Colombia,2009,COL,13834.497,14000,1400,5.438,75,10,752.3199469
Colombia,2010,COL,14293.021,14000,1300,5.29,74,9.285714286,756.1008109
Colombia,2011,COL,15123.193,15000,1200,5.15,73,8,778.8444395
Colombia,2012,COL,15558.091,15000,1500,4.984,72,10,775.4152554
Colombia,2013,COL,16202.396,15000,1600,5.304,71,10.66666667,859.3750838
Colombia,2014,COL,16780.871,14000,1500,5.474,76,10.71428571,918.5848785
Colombia,2015,COL,17128.107,15000,1500,5.741,75,10,983.3246229
Colombia,2016,COL,17313.287,16000,1600,5.731,61,10,992.224478
Colombia,2017,COL,17295.764,16000,1500,5.882,73,9.375,1017.336838
Colombia,2018,COL,17416.014,16000,1500,5.892,74,9.375,1026.151545
Colombia,2019,COL,17652.896,18000,1600,5.947,75,8.888888889,1049.817725
Colombia,2020,COL,16150.725,18000,1800,6.744,71,10,1089.204894
Colombia,2021,COL,17700.06,21000,2600,7.067,73,12.38095238,1250.86324
Costa Rica,2000,CRI,14187.716,730,86,4.335,57,11.78082192,615.0374886
Costa Rica,2001,CRI,14422.2295,790,87,4.297,64,11.01265823,619.7232016
Costa Rica,2002,CRI,14670.719,680,87,4.65,79,12.79411765,682.1884335
Costa Rica,2003,CRI,15070.831,690,86,4.689,91,12.46376812,706.6712656
Costa Rica,2005,CRI,15893.249,670,87,4.321,90,12.98507463,686.7472893
Costa Rica,2006,CRI,16820.465,610,79,4.641,86,12.95081967,780.6377807
Costa Rica,2007,CRI,17957.494,690,55,4.685,86,7.971014493,841.3085939
Costa Rica,2008,CRI,18555,630,71,5.121,89,11.26984127,950.20155
Costa Rica,2009,CRI,18148.764,560,48,5.638,57,8.571428571,1023.227314
Costa Rica,2010,CRI,18885.848,620,63,5.871,88,10.16129032,1108.788136
Costa Rica,2011,CRI,19487.002,650,72,5.919,88,11.07692308,1153.435648
Costa Rica,2012,CRI,20201.389,600,66,5.766,86,11,1164.81209
Costa Rica,2013,CRI,20476.135,520,51,5.751,88,9.807692308,1177.582524
Costa Rica,2014,CRI,20974.729,580,58,5.59,89,10,1172.487351
Costa Rica,2015,CRI,21510.977,540,43,5.682,85,7.962962963,1222.253713
Costa Rica,2016,CRI,22189.879,460,43,5.494,84,9.347826087,1219.111952
Costa Rica,2017,CRI,22895.232,480,47,5.282,92,9.791666667,1209.326154
Costa Rica,2018,CRI,23282.604,510,50,5.379,88,9.803921569,1252.371269
Costa Rica,2020,CRI,22479.59,510,53,5.931,84,10.39215686,1333.264483
Costa Rica,2021,CRI,24140.434,520,55,5.689,83,10.57692308,1373.34929
Croatia,2005,HRV,27629.336,1200,120,5.876,40,10,1623.499783
Croatia,2006,HRV,29026.482,1200,150,5.92,31,12.5,1718.367734
Croatia,2007,HRV,30498.662,1100,100,6.402,61,9.090909091,1952.524341
Croatia,2008,HRV,31102.75,1100,100,6.477,58,9.090909091,2014.525118
Croatia,2009,HRV,29013.879,960,120,6.864,63,12.5,1991.512655
Croatia,2010,HRV,28691.814,790,85,6.811,76,10.75949367,1954.199452
Croatia,2012,HRV,28248.32,620,61,6.07,9,9.838709677,1714.673024
Croatia,2013,HRV,28389.107,590,55,5.441,44,9.322033898,1544.651312
Croatia,2014,HRV,28448.125,570,41,5.47,71,7.192982456,1556.112438
Croatia,2015,HRV,29458.7,560,47,5.516,10,8.392857143,1624.941892
Croatia,2016,HRV,30811.209,520,59,5.537,58,11.34615385,1706.016642
Croatia,2017,HRV,32337.545,420,62,5.483,66,14.76190476,1773.067592
Croatia,2018,HRV,33715.938,420,61,5.522,29,14.52380952,1861.794096
Croatia,2019,HRV,35107.934,340,61,5.559,24,17.94117647,1951.650051
Croatia,2020,HRV,32479.234,200,60,6.492,51,30,2108.551871
Croatia,2021,HRV,36914.113,180,60,6.904,46,33.33333333,2548.550362
Cyprus,2005,CYP,42337.188,39,6,2.244,64,15.38461538,950.0464987
Cyprus,2006,CYP,43599.383,41,3,2.336,74,7.317073171,1018.481587
Cyprus,2008,CYP,45339.75,55,3,2.528,50,5.454545455,1146.18888
Cyprus,2009,CYP,43249.29,59,2,2.778,23,3.389830508,1201.465276
Cyprus,2010,CYP,43094.992,70,2,2.999,26,2.857142857,1292.41881
Cyprus,2011,CYP,42184.42,59,4,3.077,64,6.779661017,1298.014603
Cyprus,2012,CYP,40114.27,72,6,3.029,43,8.333333333,1215.061238
Cyprus,2013,CYP,37558.96,47,2,3.193,50,4.255319149,1199.257593
Cyprus,2014,CYP,37300.188,45,5,2.984,59,11.11111111,1113.03761
Cyprus,2015,CYP,38795.71,72,3,2.862,56,4.166666667,1110.33322
Cyprus,2016,CYP,41156.77,66,3,2.787,66,4.545454545,1147.03918
Cyprus,2017,CYP,43120.656,60,3,2.748,67,5,1184.955627
Cyprus,2018,CYP,45269.44,59,5,2.869,59,8.474576271,1298.780234
Cyprus,2019,CYP,47283.457,76,5,3.83,28,6.578947368,1810.956403
Cyprus,2020,CYP,45244.85,39,5,6.329,44,12.82051282,2863.546557
Cyprus,2021,CYP,49929.84,55,6,8.024,51,10.90909091,4006.370362
Czechia,2000,CZE,30781.717,1600,120,5.12,70,7.5,1576.02391
Czechia,2001,CZE,31798.938,1500,96,5.239,73,6.4,1665.946362
Czechia,2002,CZE,32342.531,1300,87,5.56,73,6.692307692,1798.244724
Czechia,2003,CZE,33419.668,1300,85,5.832,79,6.538461538,1949.035038
Czechia,2004,CZE,34991.887,1200,72,5.638,73,6,1972.842589
Czechia,2005,CZE,37171.176,1100,71,5.506,74,6.454545455,2046.644951
Czechia,2006,CZE,39525.906,1100,63,5.32,72,5.727272727,2102.778199
Czechia,2007,CZE,41452.812,910,73,5.069,73,8.021978022,2101.24304
Czechia,2008,CZE,42184.336,930,55,5.197,70,5.913978495,2192.319942
Czechia,2009,CZE,39932.04,730,53,6.036,70,7.260273973,2410.297934
Czechia,2010,CZE,40896.73,710,41,6.44,73,5.774647887,2633.749412
Czechia,2011,CZE,41535.613,650,57,6.395,70,8.769230769,2656.202451
Czechia,2012,CZE,41157.88,650,31,6.452,75,4.769230769,2655.506418
Czechia,2013,CZE,41127.027,540,68,6.356,69,12.59259259,2614.033836
Czechia,2014,CZE,42006.17,550,40,6.404,76,7.272727273,2690.075127
Czechia,2015,CZE,44002.566,580,57,6.213,69,9.827586207,2733.879426
Czechia,2016,CZE,45051.61,590,43,6.273,69,7.288135593,2826.087495
Czechia,2017,CZE,47256.684,570,38,6.228,69,6.666666667,2943.14628
Czechia,2018,CZE,48431.953,500,39,6.341,67,7.8,3071.07014
Czechia,2019,CZE,49961.797,530,23,6.462,74,4.339622642,3228.531322
Czechia,2020,CZE,47196.45,410,22,8.081,69,5.365853659,3813.945125
Czechia,2021,CZE,49995.703,400,30,8.2,68,7.5,4099.647646
Denmark,2000,DNK,57948.61,680,50,6.735,86,7.352941176,3902.838884
Denmark,2001,DNK,58289.906,570,48,7.046,88,8.421052632,4107.106777
Denmark,2002,DNK,58369.234,460,43,7.293,77,9.347826087,4256.868236
Denmark,2003,DNK,58467.44,450,33,7.471,84,7.333333333,4368.102442
Denmark,2004,DNK,59935.613,410,42,7.526,86,10.24390244,4510.754234
Denmark,2005,DNK,61181.082,450,31,7.613,85,6.888888889,4657.715773
Denmark,2006,DNK,63307.652,390,25,7.69,71,6.41025641,4868.358439
Denmark,2007,DNK,63649.715,410,30,7.806,79,7.317073171,4968.496753
Denmark,2008,DNK,63012.863,380,18,7.991,78,4.736842105,5035.357882
Denmark,2009,DNK,59558.76,340,29,9.015,74,8.529411765,5369.222214
Denmark,2010,DNK,60233.363,380,38,8.922,74,10,5374.020647
Denmark,2011,DNK,60772.168,410,19,8.716,62,4.634146341,5296.902163
Denmark,2012,DNK,60540.64,390,25,8.861,64,6.41025641,5364.50611
Denmark,2013,DNK,61128.395,380,18,8.705,59,4.736842105,5321.226785
Denmark,2014,DNK,61596.496,340,15,8.688,52,4.411764706,5351.503572
Denmark,2015,DNK,62450.02,370,19,8.699,50,5.135135135,5432.52724
Denmark,2016,DNK,63868.758,340,25,8.616,38,7.352941176,5502.932189
Denmark,2017,DNK,65398.793,290,15,8.478,39,5.172413793,5544.509671
Denmark,2018,DNK,66285.73,310,11,8.457,16,3.548387097,5605.784186
Denmark,2019,DNK,67179.125,300,11,8.499,45,3.666666667,5709.553834
Denmark,2020,DNK,65791.11,240,11,9.04,34,4.583333333,5947.516344
Denmark,2021,DNK,70342.32,220,11,9.148,20,5,6434.915434
Estonia,2000,EST,21119.953,910,120,3.974,70,13.18681319,839.3069322
Estonia,2001,EST,22504.857,810,100,3.746,64,12.34567901,843.0319432
Estonia,2002,EST,24218.04,710,100,3.601,67,14.08450704,872.0916204
Estonia,2003,EST,26221.773,670,120,3.915,70,17.91044776,1026.582413
Estonia,2004,EST,28172.957,620,110,3.973,76,17.74193548,1119.311582
Estonia,2005,EST,31032.965,550,59,3.943,77,10.72727273,1223.62981
Estonia,2006,EST,34264.023,490,79,3.743,71,16.12244898,1282.502381
Estonia,2007,EST,37026.652,520,75,3.92,66,14.42307692,1451.444758
Estonia,2008,EST,35223.24,460,65,4.549,64,14.13043478,1602.305188
Estonia,2009,EST,30128.023,410,58,5.271,64,14.14634146,1588.048092
Estonia,2010,EST,30936.557,330,48,4.975,66,14.54545455,1539.093711
Estonia,2011,EST,33391.11,340,55,4.604,64,16.17647059,1537.326704
Estonia,2012,EST,34741.37,300,45,4.611,74,15,1601.924571
Estonia,2013,EST,35477.637,300,33,4.685,87,11,1662.127293
Estonia,2014,EST,36752.746,270,34,4.76,84,12.59259259,1749.43071
Estonia,2015,EST,37403.79,240,27,4.961,83,11.25,1855.602022
Estonia,2016,EST,38549.473,220,33,5.003,80,15,1928.630134
Estonia,2017,EST,40672.336,200,26,4.854,80,13,1974.235189
Estonia,2018,EST,42030.55,170,16,4.93,83,9.411764706,2072.106115
Estonia,2019,EST,43435.2,170,20,5.041,76,11.76470588,2189.568432
Estonia,2020,EST,42099.355,140,11,5.851,75,7.857142857,2463.233261
Estonia,2021,EST,45063.543,120,14,5.743,84,11.66666667,2587.999274
Finland,2007,FIN,57846.062,340,58,6.239,41,17.05882353,3609.015808
Finland,2008,FIN,58029.043,380,62,6.456,40,16.31578947,3746.355016
Finland,2009,FIN,53088.1,460,56,7.102,41,12.17391304,3770.316862
Finland,2010,FIN,54520.086,350,49,7.047,47,14,3842.03046
Finland,2011,FIN,55565.156,360,63,7.158,40,17.5,3977.353866
Finland,2012,FIN,54459.246,300,51,7.495,44,17,4081.720488
Finland,2013,FIN,53677.812,310,32,7.643,53,10.32258065,4102.595171
Finland,2014,FIN,53200.723,290,41,7.631,45,14.13793103,4059.747172
Finland,2015,FIN,53273.14,310,34,7.421,36,10.96774194,3953.399719
Finland,2016,FIN,54486.46,260,27,7.148,32,10.38461538,3894.692161
Finland,2017,FIN,56154.418,270,36,6.974,36,13.33333333,3916.209111
Finland,2018,FIN,56749.004,260,31,6.959,20,11.92307692,3949.163188
Finland,2019,FIN,57451.63,260,31,7.142,38,11.92307692,4103.195415
Finland,2020,FIN,55940.074,200,31,7.615,25,15.5,4259.836635
Finland,2021,FIN,57350.87,200,31,7.785,7,15.5,4464.76523
France,2016,FRA,52327.45,5700,510,9.505,54,8.947368421,4973.724123
France,2017,FRA,53262.957,5900,500,9.425,24,8.474576271,5020.033697
France,2018,FRA,53945.88,5800,510,9.316,11,8.793103448,5025.598181
France,2019,FRA,54856.867,5900,510,9.246,12,8.644067797,5072.065923
France,2020,FRA,50610.633,5300,510,10.216,37,9.622641509,5170.382267
France,2021,FRA,53901.11,4900,510,10.45,37,10.40816327,5632.665995
Germany,2000,DEU,50314.254,10000,760,7.722,77,7.6,3885.266694
Germany,2001,DEU,51051.715,7700,650,7.743,67,8.441558442,3952.934292
Germany,2002,DEU,50849.594,7600,610,7.904,69,8.026315789,4019.15191
Germany,2003,DEU,50552.133,7700,610,8.022,71,7.922077922,4055.292109
Germany,2004,DEU,51150.836,6800,510,7.666,71,7.5,3921.223088
Germany,2005,DEU,51633.188,6300,500,7.769,73,7.936507937,4011.382376
Germany,2006,DEU,53684.547,5700,470,7.628,44,8.245614035,4095.057245
Germany,2007,DEU,55309.996,5100,480,7.531,77,9.411764706,4165.395799
Germany,2008,DEU,55919.77,4500,390,7.694,78,8.666666667,4302.467104
Germany,2009,DEU,52952.93,4600,380,9.365,76,8.260869565,4959.041895
Germany,2010,DEU,55233.316,4500,380,9.236,76,8.444444444,5101.349066
Germany,2011,DEU,58381.22,4500,370,8.958,73,8.222222222,5229.789688
Germany,2012,DEU,58548.1,4400,380,9.006,74,8.636363636,5272.841886
Germany,2013,DEU,58614.05,4600,410,9.22,67,8.913043478,5404.21541
Germany,2014,DEU,59636.555,4800,350,9.285,63,7.291666667,5537.254132
Germany,2015,DEU,60099.637,6200,350,9.421,65,5.64516129,5661.986802
Germany,2016,DEU,60984.477,6300,330,9.483,70,5.238095238,5783.157954
Germany,2017,DEU,62407.164,5900,330,9.566,71,5.593220339,5969.869308
Germany,2018,DEU,62914.547,5800,340,9.66,71,5.862068966,6077.54524
Germany,2019,DEU,63392.95,5100,290,9.841,69,5.68627451,6238.50021
Germany,2020,DEU,60747.273,4400,290,10.824,74,6.590909091,6575.28483
Germany,2021,DEU,62950.047,4200,290,11.027,67,6.904761905,6941.501683
Greece,2018,GRC,32767.568,470,56,4.808,0,11.91489362,1575.464669
Hungary,2000,HUN,22329.424,3500,420,4.721,64,12,1054.172107
Hungary,2001,HUN,23292.512,3400,390,4.653,46,11.47058824,1083.800583
Hungary,2002,HUN,24466.445,3100,330,4.954,55,10.64516129,1212.067685
Hungary,2003,HUN,25536.309,3100,310,5.729,48,10,1462.975143
Hungary,2004,HUN,26873.748,2600,300,5.461,66,11.53846154,1467.575378
Hungary,2005,HUN,28083.578,2100,260,5.644,63,12.38095238,1585.037142
Hungary,2006,HUN,29237.266,1900,190,5.503,62,10,1608.926748
Hungary,2007,HUN,29363.816,1800,220,4.961,60,12.22222222,1456.738912
Hungary,2008,HUN,29710.59,1600,190,4.882,62,11.875,1450.471004
Hungary,2009,HUN,27793.346,1500,170,4.933,67,11.33333333,1371.045758
Hungary,2010,HUN,28156.037,1800,150,4.996,74,8.333333333,1406.675609
Hungary,2011,HUN,28763.053,1500,120,4.975,76,8,1430.961887
Hungary,2012,HUN,28550.514,1300,130,4.855,70,10,1386.127455
Hungary,2013,HUN,29145.291,1200,98,4.82,74,8.166666667,1404.803026
Hungary,2014,HUN,30460.725,920,86,4.727,73,9.347826087,1439.878471
Hungary,2015,HUN,31665.229,990,100,4.672,71,10.1010101,1479.399499
Hungary,2016,HUN,32457.826,850,66,4.757,71,7.764705882,1544.018783
Hungary,2017,HUN,33934.516,750,65,4.647,67,8.666666667,1576.936959
Hungary,2018,HUN,35799.562,690,86,4.576,66,12.46376812,1638.187957
Hungary,2019,HUN,37557.926,610,64,4.314,65,10.49180328,1620.248928
Hungary,2020,HUN,35949.918,440,64,5.157,66,14.54545455,1853.937271
Hungary,2021,HUN,38648,360,63,5.349,64,17.5,2067.28152
Iceland,2000,ISL,47997.566,15,2,7.189,100,13.33333333,3450.54502
Iceland,2001,ISL,49264.7,14,3,7.058,67,21.42857143,3477.102526
Iceland,2002,ISL,49100.117,9,4,7.653,100,44.44444444,3757.631954
Iceland,2003,ISL,49806.08,6,7,7.908,100,116.6666667,3938.664806
Iceland,2004,ISL,53222.83,13,4,7.551,91,30.76923077,4018.855893
Iceland,2005,ISL,55595.41,12,3,7.247,100,25,4028.999363
Iceland,2006,ISL,57736.027,15,3,6.981,85,20,4030.552045
Iceland,2007,ISL,61053.125,14,5,6.851,92,35.71428571,4182.749594
Iceland,2008,ISL,61252.402,7,2,6.86,100,28.57142857,4201.914777
Iceland,2009,ISL,56365.465,10,8,7.164,71,80,4038.021913
Iceland,2010,ISL,54847.63,25,4,6.678,91,16,3662.724731
Iceland,2011,ISL,55689.62,9,3,6.615,89,33.33333333,3683.868363
Iceland,2012,ISL,55983.273,12,3,6.588,90,25,3688.178025
Iceland,2013,ISL,57980.855,13,2,6.61,91,15.38461538,3832.534516
Iceland,2014,ISL,58306.83,9,2,6.685,89,22.22222222,3897.811586
Iceland,2015,ISL,60262.523,8,2,6.583,100,25,3967.081889
Iceland,2016,ISL,63178.207,7,2,6.658,83,28.57142857,4206.405022
Iceland,2017,ISL,64302.406,15,2,6.826,92,13.33333333,4389.282234
Iceland,2018,ISL,65663.93,9,2,6.962,100,22.22222222,4571.522807
Iceland,2019,ISL,65431.324,15,2,7.165,100,13.33333333,4688.154365
Iceland,2020,ISL,59909.773,14,2,8.052,25,14.28571429,4823.934922
Iceland,2021,ISL,62032.27,8,2,8.136,57,25,5046.945487
India,2000,IND,3099.503,3410000,921000,0.939,34,27.00879765,29.10433317
India,2001,IND,3188.8103,3460000,980000,0.909,54,28.32369942,28.98628563
India,2002,IND,3250.6956,3510000,916000,0.877,60,26.0968661,28.50860041
India,2003,IND,3445.926,3550000,848000,0.819,76,23.88732394,28.22213394
India,2004,IND,3656.1262,3580000,779000,0.801,81,21.75977654,29.28557086
India,2005,IND,3881.966,3590000,750000,0.828,87,20.8913649,32.14267848
India,2006,IND,4129.7783,3580000,729000,0.805,87,20.36312849,33.24471532
India,2007,IND,4379.696,3550000,691000,0.795,88,19.46478873,34.8185832
India,2008,IND,4450.39,3510000,672000,0.836,88,19.14529915,37.2052604
India,2009,IND,4731.362,3470000,620000,0.907,89,17.86743516,42.91345334
India,2010,IND,5059.2827,3420000,579000,0.862,89,16.92982456,43.61101687
India,2011,IND,5249.5493,3370000,556000,0.91,89,16.49851632,47.77089863
India,2012,IND,5460.4375,3290000,529000,0.903,88,16.07902736,49.30775063
India,2013,IND,5732.2417,3210000,495000,0.829,88,15.42056075,47.52028369
India,2014,IND,6079.8438,3180000,449000,0.829,74,14.11949686,50.4019051
India,2015,IND,6488.146,3130000,424000,0.928,72,13.54632588,60.20999488
India,2016,IND,6940.626,3020000,393000,0.947,69,13.01324503,65.72772822
India,2017,IND,7326.607,2930000,377000,0.974,81,12.8668942,71.36115218
India,2018,IND,7714.34,2850000,366000,0.985,82,12.84210526,75.986249
India,2019,IND,7930.0913,2800000,339000,0.982,84,12.10714286,77.87349657
India,2020,IND,7399.531,2750000,353000,1.094,85,12.83636364,80.95086914
India,2021,IND,8050.0186,2810000,366000,1.183,87,13.02491103,95.23172004
Indonesia,2000,IDN,6056.382,792000,120000,0.585,87,15.15151515,35.4298347
Indonesia,2001,IDN,6190.5195,801000,120000,0.782,86,14.98127341,48.40986249
Indonesia,2002,IDN,6381.9497,809000,119000,0.673,86,14.70951792,42.95052148
Indonesia,2003,IDN,6599.092,816000,118000,0.813,87,14.46078431,53.65061796
Indonesia,2004,IDN,6843.5464,821000,116000,0.748,87,14.12911084,51.18972707
Indonesia,2005,IDN,7140.8545,824000,117000,0.734,89,14.19902913,52.41387203
Indonesia,2006,IDN,7434.488,827000,120000,0.834,90,14.51027811,62.00362992
Indonesia,2007,IDN,7802.464,830000,121000,1.028,90,14.57831325,80.20932992
Indonesia,2008,IDN,8165.0615,831000,121000,0.917,90,14.56077016,74.87361396
Indonesia,2009,IDN,8435.456,832000,122000,0.949,89,14.66346154,80.05247744
Indonesia,2010,IDN,8848.225,834000,120000,0.679,89,14.38848921,60.07944775
Indonesia,2011,IDN,9274.97,836000,118000,0.717,88,14.11483254,66.5015349
Indonesia,2012,IDN,9708.612,839000,114000,0.781,86,13.58760429,75.82425972
Indonesia,2013,IDN,10121.814,841000,111000,0.836,88,13.19857313,84.61836504
Indonesia,2014,IDN,10504.387,842000,108000,1.043,84,12.82660333,109.5607564
Indonesia,2015,IDN,10893.662,843000,103000,1.159,85,12.21826809,126.2575426
Indonesia,2016,IDN,11319.663,843000,100000,1.377,86,11.8623962,155.8717595
Indonesia,2017,IDN,11772.574,843000,100000,1.356,85,11.8623962,159.6361034
Indonesia,2018,IDN,12262.231,843000,98000,1.396,83,11.62514828,171.1807448
Indonesia,2019,IDN,12757.785,842000,96000,1.425,83,11.40142518,181.7984363
Indonesia,2020,IDN,12388.545,817000,106000,1.877,86,12.97429621,232.5329897
Indonesia,2021,IDN,12757.074,928000,135000,2.263,87,14.54741379,288.6925846
Ireland,2000,IRL,53473.297,440,56,4.573,84,12.72727273,2445.333872
Ireland,2001,IRL,55421.047,450,37,5.014,56,8.222222222,2778.811297
Ireland,2002,IRL,57709.8,430,45,5.271,77,10.46511628,3041.883558
Ireland,2003,IRL,58488.53,470,41,5.519,70,8.723404255,3227.981971
Ireland,2004,IRL,61327.246,470,43,5.698,73,9.14893617,3494.426477
Ireland,2005,IRL,63449.746,490,28,6.027,71,5.714285714,3824.116191
Ireland,2006,IRL,64842.59,510,44,5.85,61,8.62745098,3793.291515
Ireland,2007,IRL,66339.95,500,56,6.186,73,11.2,4103.789307
Ireland,2008,IRL,62086.47,490,35,7.239,74,7.142857143,4494.439563
Ireland,2009,IRL,58327.254,490,39,8.11,65,7.959183673,4730.340299
Ireland,2010,IRL,58986.598,450,38,8.017,74,8.444444444,4728.955562
Ireland,2011,IRL,59698.258,450,31,7.638,61,6.888888889,4559.752946
Ireland,2012,IRL,59208.66,390,29,7.639,61,7.435897436,4522.949537
Ireland,2013,IRL,60188.855,410,25,7.283,59,6.097560976,4383.55431
Ireland,2014,IRL,65328.8,340,26,6.76,56,7.647058824,4416.22688
Ireland,2015,IRL,80644.28,340,19,5.256,57,5.588235294,4238.663357
Ireland,2016,IRL,80713.984,340,19,5.422,36,5.588235294,4376.312212
Ireland,2017,IRL,87863.664,350,20,5.188,35,5.714285714,4558.366888
Ireland,2018,IRL,93328.98,340,20,5.078,39,5.882352941,4739.245604
Ireland,2019,IRL,96701.664,280,20,4.986,4,7.142857143,4821.544967
Ireland,2020,IRL,102562.54,260,20,5.512,6,7.692307692,5653.247205
Ireland,2021,IRL,118102.766,240,20,5.105,3,8.333333333,6029.146204
Israel,2000,ISR,33174.027,620,85,4.17,86,13.70967742,1383.356926
Israel,2001,ISR,32456.18,590,61,4.4,86,10.33898305,1428.07192
Israel,2002,ISR,31770.395,540,66,4.432,87,12.22222222,1408.063906
Israel,2003,ISR,31659.047,540,59,4.285,84,10.92592593,1356.590164
Israel,2004,ISR,32559.822,520,45,4.203,87,8.653846154,1368.489319
Israel,2005,ISR,33339.44,430,53,4.137,86,12.3255814,1379.252633
Israel,2006,ISR,34583.324,390,40,4.18,84,10.25641026,1445.582943
Israel,2007,ISR,36020.75,460,44,4.057,82,9.565217391,1461.361828
Israel,2008,ISR,36549.254,370,32,4.184,88,8.648648649,1529.220787
Israel,2009,ISR,36081.49,400,30,4.224,88,7.5,1524.082138
Israel,2010,ISR,37424.074,390,31,4.316,84,7.948717949,1615.223034
Israel,2011,ISR,38782.516,470,27,4.271,78,5.744680851,1656.401258
Israel,2012,ISR,39040.465,580,26,4.357,81,4.482758621,1700.99306
Israel,2013,ISR,39939.812,350,18,4.414,84,5.142857143,1762.943302
Israel,2014,ISR,40702.75,420,20,4.451,89,4.761904762,1811.679403
Israel,2015,ISR,40827.438,320,18,4.463,83,5.625,1822.128558
Israel,2016,ISR,41783.31,290,19,4.509,79,6.551724138,1884.009448
Israel,2017,ISR,42732.34,270,15,4.597,87,5.555555556,1964.40567
Israel,2018,ISR,43624.824,340,23,4.693,78,6.764705882,2047.31299
Israel,2019,ISR,44419.97,250,22,4.683,84,8.8,2080.187195
Israel,2020,ISR,43004.207,180,23,5.247,81,12.77777778,2256.430741
Israel,2021,ISR,46238.223,240,23,5.15,86,9.583333333,2381.268485
Italy,2000,ITA,50999.895,4000,620,5.496,74,15.5,2802.954229
Italy,2001,ITA,51993.96,4900,570,5.774,40,11.63265306,3002.13125
Italy,2002,ITA,52056.73,4500,560,5.897,79,12.44444444,3069.785368
Italy,2003,ITA,51860.34,5000,610,5.901,95,12.2,3060.278663
Japan,2000,JPN,39220.08,45000,5200,5.658,45,11.55555556,2219.072126
Japan,2001,JPN,39276.754,41000,4800,5.861,58,11.70731707,2302.010552
Japan,2002,JPN,39201.977,38000,4500,5.937,63,11.84210526,2327.421374
Japan,2003,JPN,39718.695,36000,4400,5.987,65,12.22222222,2377.95827
Japan,2004,JPN,40573.332,34000,4400,6.049,49,12.94117647,2454.280853
Japan,2005,JPN,41301.355,31000,4400,6.216,51,14.19354839,2567.292227
Japan,2006,JPN,41841.63,29000,4200,6.174,54,14.48275862,2583.302236
Japan,2007,JPN,42413.78,28000,4100,6.321,48,14.64285714,2680.975034
Japan,2008,JPN,41874.23,28000,4000,6.566,51,14.28571429,2749.461942
Japan,2009,JPN,39495.164,27000,3800,7.283,56,14.07407407,2876.432794
Japan,2010,JPN,41106.26,26000,3800,7.425,56,14.61538462,3052.139805
Japan,2011,JPN,41192.277,25000,3700,8.783,55,14.8,3617.917689
Japan,2012,JPN,41825.312,24000,3600,8.957,54,15,3746.293196
Japan,2013,JPN,42725.55,24000,3400,8.994,54,14.16666667,3842.735967
Japan,2014,JPN,42909.004,23000,3300,9.025,53,14.34782609,3872.537611
Japan,2015,JPN,43624.926,21000,3000,9.039,53,14.28571429,3943.257061
Japan,2016,JPN,43976.266,20000,3000,8.957,70,15,3938.954146
Japan,2017,JPN,44749.637,19000,3700,8.974,68,19.47368421,4015.832424
Japan,2018,JPN,45094.734,18000,3500,8.997,66,19.44444444,4057.173218
Japan,2019,JPN,44976.508,17000,3500,9.211,66,20.58823529,4142.786152
Japan,2020,JPN,43238.297,15000,3500,9.545,65,23.33333333,4127.095449
Japan,2021,JPN,44549.34,13000,3500,9.533,64,26.92307692,4246.888582
Latvia,2000,LVA,14038.209,2300,360,2.758,72,15.65217391,387.1738042
Latvia,2001,LVA,15139.424,2300,340,2.812,73,14.7826087,425.7206029
Latvia,2002,LVA,16490.418,2100,260,2.857,76,12.38095238,471.1312423
Latvia,2003,LVA,18054.053,1900,270,2.73,74,14.21052632,492.8756469
Latvia,2004,LVA,19844.684,1800,210,3.484,79,11.66666667,691.3887906
Latvia,2005,LVA,22390.348,1600,210,3.249,79,13.125,727.4624065
Latvia,2006,LVA,25494.701,1500,210,3.51,79,14,894.8640051
Latvia,2007,LVA,28380.549,1400,170,3.355,83,12.14285714,952.167419
Latvia,2008,LVA,27708.486,1200,140,3.369,77,11.66666667,933.4988933
Latvia,2009,LVA,23651.324,1100,130,3.637,77,11.81818182,860.1986539
Latvia,2010,LVA,23264.59,1000,110,3.67,78,11,853.810453
Latvia,2011,LVA,24411.438,990,97,3.635,77,9.797979798,887.3557713
Latvia,2012,LVA,26521.684,1100,90,3.265,87,8.181818182,865.9329826
Latvia,2013,LVA,27369.172,1000,110,3.246,83,11,888.4033231
Latvia,2014,LVA,28206.936,850,98,3.26,83,11.52941176,919.5461136
Latvia,2015,LVA,29514.736,800,120,3.315,84,15,978.4134984
Latvia,2016,LVA,30545.74,740,95,3.426,85,12.83783784,1046.497052
Lithuania,2000,LTU,15969.836,3100,400,4.247,73,12.90322581,678.2389349
Lithuania,2001,LTU,17146.045,3000,390,4.304,72,13,737.9657768
Lithuania,2002,LTU,18445.715,2800,370,4.543,71,13.21428571,837.9888325
Lithuania,2003,LTU,20558.402,3000,370,4.663,74,12.33333333,958.6382853
Lithuania,2004,LTU,22142.383,2300,320,3.668,81,13.91304348,812.1826084
Lithuania,2005,LTU,24245.934,2400,390,3.768,79,16.25,913.5867931
Lithuania,2006,LTU,26458.053,2700,390,3.951,79,14.44444444,1045.357674
Lithuania,2007,LTU,29740.268,2600,370,4.098,75,14.23076923,1218.756183
Lithuania,2008,LTU,30828.797,2400,360,4.484,77,15,1382.363257
Lithuania,2009,LTU,26547.37,2200,320,5.337,77,14.54545455,1416.833137
Lithuania,2010,LTU,27225.742,2000,230,4.887,74,11.5,1330.522012
Lithuania,2011,LTU,29608.605,2000,230,4.606,78,11.5,1363.772346
Lithuania,2012,LTU,31323.63,1900,270,4.225,80,14.21052632,1323.423368
Lithuania,2013,LTU,32922.773,1800,230,4.058,80,12.77777778,1336.006128
Lithuania,2014,LTU,34459.82,1700,240,4.184,81,14.11764706,1441.798869
Lithuania,2015,LTU,35770.94,1600,200,4.358,79,12.5,1558.897565
Lithuania,2016,LTU,37196.375,1500,190,4.42,84,12.66666667,1644.079775
Lithuania,2017,LTU,39459.9,1500,170,4.275,83,11.33333333,1686.910725
Lithuania,2018,LTU,41797.613,1200,130,4.387,87,10.83333333,1833.661282
Lithuania,2019,LTU,43868.605,1200,130,4.636,87,10.83333333,2033.748528
Lithuania,2020,LTU,43875.64,790,130,5.244,86,16.4556962,2300.838562
Lithuania,2021,LTU,46575.69,720,130,5.337,86,18.05555556,2485.744575
Luxembourg,2010,LUX,133098.05,33,1,5.657,0,3.03030303,7529.356689
Luxembourg,2013,LUX,131592.6,44,1,4.35,0,2.272727273,5724.2781
Luxembourg,2017,LUX,133845.17,37,3,4.311,0,8.108108108,5770.065279
Luxembourg,2019,LUX,134105.64,55,2,4.643,36,3.636363636,6226.524865
Luxembourg,2020,LUX,130689.5,37,2,4.986,38,5.405405405,6516.17847
Malta,2020,MLT,51613.863,160,2,7.163,99,1.25,3697.101007
Malta,2021,MLT,58199.4,62,2,7.131,98,3.225806452,4150.199214
Mexico,2000,MEX,20715.873,23000,4000,1.919,76,17.39130435,397.5376029
Mexico,2002,MEX,19981.475,22000,3700,2.062,83,16.81818182,412.0180145
Mexico,2003,MEX,19937.625,24000,3700,2.3,82,15.41666667,458.565375
Mexico,2004,MEX,20368.49,19000,3000,2.47,81,15.78947368,503.101703
Mexico,2005,MEX,20520.318,23000,3100,2.357,74,13.47826087,483.6638953
Mexico,2006,MEX,21217.143,22000,2900,2.315,77,13.18181818,491.1768605
Mexico,2007,MEX,21355.223,23000,2700,2.413,80,11.73913043,515.301531
Mexico,2008,MEX,21244.197,23000,2900,2.5,81,12.60869565,531.104925
Mexico,2009,MEX,19617.918,23000,2700,2.729,83,11.73913043,535.3729822
Mexico,2010,MEX,20298.826,25000,2900,2.757,82,11.6,559.6386328
Mexico,2011,MEX,20702.826,24000,3000,2.799,82,12.5,579.4720997
Mexico,2012,MEX,21149.451,25000,2800,2.878,80,11.2,608.6811998
Mexico,2013,MEX,21054.742,26000,2900,2.998,80,11.15384615,631.2211652
Mexico,2014,MEX,21322.33,26000,2700,2.788,80,10.38461538,594.4665604
Mexico,2015,MEX,21665.557,27000,2900,2.885,80,10.74074074,625.0513195
Mexico,2016,MEX,21836.922,27000,3000,2.761,79,11.11111111,602.9174164
Mexico,2017,MEX,22038.57,28000,2900,2.684,77,10.35714286,591.5152188
Mexico,2018,MEX,22261.46,29000,2800,2.6,76,9.655172414,578.79796
Mexico,2019,MEX,21964.354,29000,3000,2.604,72,10.34482759,571.9517782
Mexico,2020,MEX,19964.967,29000,3600,3.203,71,12.4137931,639.477893
Mexico,2021,MEX,21031.709,32000,4800,2.959,71,15,622.3282693
Netherlands,2000,NLD,56629.344,1400,120,5.321,76,8.571428571,3013.247394
Netherlands,2002,NLD,57283.96,1600,97,6.053,68,6.0625,3467.398099
Netherlands,2003,NLD,57070.105,1500,94,6.354,86,6.266666667,3626.234472
Netherlands,2004,NLD,58018.863,1500,91,6.25,82,6.066666667,3626.178938
Netherlands,2005,NLD,59060.78,1300,85,6.224,87,6.538461538,3675.942947
Netherlands,2007,NLD,63286.086,1100,64,7.611,81,5.818181818,4816.704005
Netherlands,2008,NLD,64374.64,1100,61,7.67,84,5.545454545,4937.534888
Netherlands,2009,NLD,61697.008,1300,74,8.312,84,5.692307692,5128.255305
Netherlands,2010,NLD,62191.176,1200,64,8.467,84,5.333333333,5265.726872
Netherlands,2011,NLD,62999.508,1100,45,8.459,84,4.090909091,5329.128382
Netherlands,2012,NLD,62153.023,1100,42,8.654,83,3.818181818,5378.72261
Netherlands,2013,NLD,61951.316,960,45,8.588,88,4.6875,5320.379018
Netherlands,2014,NLD,62724.246,940,41,8.568,85,4.361702128,5374.213397
Netherlands,2015,NLD,63771.105,980,43,8.402,86,4.387755102,5358.048242
Netherlands,2016,NLD,64970.418,1000,37,8.358,86,3.7,5430.227536
Netherlands,2017,NLD,66383.98,890,31,8.257,87,3.483146067,5481.325229
Netherlands,2018,NLD,67488.18,910,35,8.227,86,3.846153846,5552.252569
Netherlands,2019,NLD,68589.68,860,34,8.396,86,3.953488372,5758.789533
Netherlands,2020,NLD,65571.375,710,34,9.536,83,4.788732394,6252.88632
Netherlands,2021,NLD,69323.33,770,34,9.448,82,4.415584416,6549.668218
New Zealand,2000,NZL,36062.344,400,28,5.828,30,7,2101.713408
New Zealand,2001,NZL,37073.49,430,14,5.792,9,3.255813953,2147.296541
New Zealand,2002,NZL,38152.508,380,19,6.154,60,5,2347.905342
New Zealand,2004,NZL,40175.938,430,33,6.292,71,7.674418605,2527.870019
New Zealand,2005,NZL,41057.066,380,23,6.592,73,6.052631579,2706.481791
New Zealand,2006,NZL,41687.01,400,24,6.917,77,6,2883.490482
New Zealand,2007,NZL,42559.742,320,17,6.863,86,5.3125,2920.875093
New Zealand,2008,NZL,41676.98,340,17,7.377,80,5,3074.510815
New Zealand,2009,NZL,41240.96,340,17,7.799,80,5,3216.38247
New Zealand,2010,NZL,41374.203,350,18,7.787,80,5.142857143,3221.809188
New Zealand,2011,NZL,41980.227,350,16,7.7,64,4.571428571,3232.477479
New Zealand,2012,NZL,42706.58,340,11,7.769,81,3.235294118,3317.8742
New Zealand,2013,NZL,43549.457,310,12,7.493,84,3.870967742,3263.160813
New Zealand,2014,NZL,44440.12,340,13,7.48,82,3.823529412,3324.120976
New Zealand,2015,NZL,45170.42,340,22,7.333,80,6.470588235,3312.346899
New Zealand,2016,NZL,45822.71,340,13,7.271,84,3.823529412,3331.769244
New Zealand,2017,NZL,46400.08,350,13,7.049,82,3.714285714,3270.741639
New Zealand,2018,NZL,47171.28,350,13,7.16,84,3.714285714,3377.463648
New Zealand,2019,NZL,47523.23,360,13,7.226,83,3.611111111,3434.0286
New Zealand,2020,NZL,46289.387,360,14,7.75,89,3.888888889,3587.427493
New Zealand,2021,NZL,48194.043,350,14,8.119,87,4,3912.874351
Norway,2000,NOR,77783.39,250,58,6.292,70,23.2,4894.130899
Norway,2001,NOR,78990.53,320,56,6.632,87,17.5,5238.65195
Norway,2002,NOR,79647.98,280,38,7.445,80,13.57142857,5929.792111
Norway,2003,NOR,79930.38,380,59,7.646,97,15.52631579,6111.476855
Norway,2004,NOR,82649.414,330,49,7.302,88,14.84848485,6035.06021
Norway,2005,NOR,84292.59,320,46,6.892,91,14.375,5809.445303
Norway,2006,NOR,85674.63,320,42,6.569,88,13.125,5627.966445
Norway,2007,NOR,87263.59,330,38,6.71,71,11.51515152,5855.386889
Norway,2008,NOR,86598.08,340,28,6.659,87,8.235294118,5766.566147
Norway,2009,NOR,83853.56,380,31,7.627,86,8.157894737,6395.511021
Norway,2010,NOR,83467.305,340,30,7.501,89,8.823529412,6260.882548
Norway,2011,NOR,83302.54,370,32,7.374,88,8.648648649,6142.7293
Norway,2012,NOR,84450.15,390,24,7.392,79,6.153846154,6242.555088
Norway,2013,NOR,84283.03,420,23,7.545,89,5.476190476,6359.154614
Norway,2014,NOR,85044.75,350,14,7.917,84,4,6732.992858
Norway,2015,NOR,85766.61,330,13,8.611,88,3.939393939,7385.362787
Norway,2016,NOR,86004.54,320,20,8.991,88,6.25,7732.668191
Norway,2017,NOR,87414.586,270,19,8.708,91,7.037037037,7612.062149
Norway,2018,NOR,87559.28,220,20,8.536,84,9.090909091,7474.060141
Norway,2019,NOR,87947.55,180,20,8.947,85,11.11111111,7868.667299
Norway,2020,NOR,86313.75,170,20,9.821,89,11.76470588,8476.873388
Norway,2021,NOR,89209.14,160,20,8.431,87,12.5,7521.222593
Peru,2000,PER,7670.46,49000,4600,2.342,90,9.387755102,179.6421732
Peru,2001,PER,7613.021,47000,4000,2.496,90,8.510638298,190.0210042
Peru,2002,PER,7932.991,46000,3800,2.537,92,8.260869565,201.2599817
Peru,2003,PER,8175.834,40000,3500,2.404,89,8.75,196.5470494
Peru,2004,PER,8497.498,42000,3500,2.354,90,8.333333333,200.0311029
Peru,2005,PER,8951.547,43000,3400,2.62,91,7.906976744,234.5305314
Peru,2006,PER,9549.612,43000,3400,2.228,78,7.906976744,212.7653554
Peru,2007,PER,10288.186,41000,3200,2.155,92,7.804878049,221.7104083
Peru,2008,PER,11153.515,41000,3100,2.18,82,7.56097561,243.146627
Peru,2009,PER,11206.371,40000,2900,2.551,81,7.25,285.8745242
Peru,2010,PER,12061.164,39000,2800,2.459,68,7.179487179,296.5840228
Peru,2011,PER,12728.865,39000,3100,2.321,74,7.948717949,295.4369567
Peru,2012,PER,13397.783,38000,3000,2.493,67,7.894736842,334.0067302
Peru,2013,PER,14054.639,37000,2700,2.661,79,7.297297297,373.9939438
Peru,2014,PER,14247.101,38000,2700,2.959,87,7.105263158,421.5717186
Peru,2015,PER,14545.381,38000,2900,3.022,87,7.631578947,439.5614138
Peru,2016,PER,14920.104,37000,3300,3.059,86,8.918918919,456.4059814
Peru,2017,PER,15072.204,37000,2600,3.035,86,7.027027027,457.4413914
Peru,2018,PER,15388.998,38000,2800,3.174,83,7.368421053,488.4467965
Peru,2019,PER,15466.295,39000,2900,3.258,83,7.435897436,503.8918911
Peru,2020,PER,13612.021,38000,3400,4.327,85,8.947368421,588.9921487
Peru,2021,PER,15282.273,43000,4700,4.468,86,10.93023256,682.8119576
Poland,2000,POL,18889.662,13000,1200,3.642,72,9.230769231,687.96149
Poland,2001,POL,19127.988,12000,1200,4.025,76,10,769.901517
Poland,2002,POL,19500.68,12000,1100,4.274,86,9.166666667,833.4590632
Poland,2003,POL,20201.39,12000,1100,4.117,78,9.166666667,831.6912263
Poland,2004,POL,21242.229,10000,950,3.975,46,9.5,844.3786028
Poland,2005,POL,21944.541,9400,920,3.988,78,9.787234043,875.1482951
Poland,2006,POL,23320.338,9200,840,4.018,77,9.130434783,937.0111808
Poland,2007,POL,24910.422,9200,860,4.116,78,9.347826087,1025.31297
Poland,2008,POL,25998.893,8500,910,4.569,75,10.70588235,1187.889421
Poland,2009,POL,26660.725,8800,830,4.72,68,9.431818182,1258.38622
Poland,2010,POL,27584.254,8100,640,4.636,67,7.901234568,1278.806015
Poland,2011,POL,29018.326,9100,720,4.456,62,7.912087912,1293.056607
Poland,2012,POL,29457.092,8100,700,4.388,60,8.641975309,1292.577197
Poland,2013,POL,29676.557,8100,600,4.579,59,7.407407407,1358.889545
Poland,2014,POL,30863.12,7500,600,4.465,58,8,1378.038308
Poland,2015,POL,32252.387,7200,600,4.467,53,8.333333333,1440.714127
Poland,2016,POL,33244.3,7100,620,4.555,54,8.732394366,1514.277865
Portugal,2000,PRT,35255.277,4900,630,6.002,79,12.85714286,2116.021726
Portugal,2001,PRT,35687.953,5000,620,6.058,78,12.4,2161.976193
Portugal,2002,PRT,35766.66,5000,600,6.329,82,12,2263.671911
Portugal,2003,PRT,35301.07,4600,570,6.446,84,12.39130435,2275.506972
Portugal,2004,PRT,35846.69,4200,560,6.73,83,13.33333333,2412.482237
Portugal,2005,PRT,36059.992,3800,500,6.848,87,13.15789474,2469.388252
Portugal,2006,PRT,36579.953,3700,450,5.938,87,12.16216216,2172.117609
Portugal,2007,PRT,37423.324,3400,400,5.806,85,11.76470588,2172.798191
Portugal,2008,PRT,37488.703,3200,360,5.994,87,11.25,2247.072858
Portugal,2009,PRT,36283.67,3100,370,6.469,83,11.93548387,2347.190612
Portugal,2010,PRT,36897.203,3000,290,6.678,74,9.666666667,2463.995216
Portugal,2011,PRT,36318.336,2900,310,6.282,77,10.68965517,2281.517868
Portugal,2012,PRT,34988.68,2900,300,5.921,78,10.34482759,2071.679743
Portugal,2013,PRT,34835.01,2700,290,5.863,74,10.74074074,2042.376636
Portugal,2014,PRT,35283.008,2500,290,5.774,72,11.6,2037.240882
Portugal,2015,PRT,35992.688,2400,280,5.751,72,11.66666667,2069.939487
Portugal,2016,PRT,36830.03,2100,260,5.793,70,12.38095238,2133.563638
Portugal,2017,PRT,38143.758,2000,250,5.698,73,12.5,2173.431331
Portugal,2018,PRT,39330.5,2100,270,5.763,67,12.85714286,2266.616715
Portugal,2019,PRT,40400.805,2000,280,5.789,71,14,2338.802601
Portugal,2020,PRT,37047.105,1600,280,6.782,73,17.5,2512.534661
Portugal,2021,PRT,38862.09,1700,280,6.99,68,16.47058824,2716.460091
Romania,2005,ROU,20754.506,30000,1900,4.444,85,6.333333333,922.3302466
Romania,2006,ROU,22554.06,28000,1800,4.029,85,6.428571429,908.7030774
Romania,2007,ROU,24545.506,26000,1700,4.107,86,6.538461538,1008.083931
Romania,2008,ROU,27280.908,25000,1700,4.09,86,6.8,1115.789137
Romania,2009,ROU,25991.533,24000,1600,4.156,87,6.666666667,1080.208111
Romania,2010,ROU,25125.145,21000,1600,4.507,84,7.619047619,1132.390285
Romania,2011,ROU,26384.123,20000,1400,3.368,86,7,888.6172626
Romania,2012,ROU,27006.336,19000,1300,3.468,85,6.842105263,936.5797325
Romania,2013,ROU,27182.37,18000,1200,4.145,85,6.666666667,1126.709237
Romania,2014,ROU,28407.402,17000,1200,3.972,85,7.058823529,1128.342007
Romania,2015,ROU,29442.305,16000,1100,3.857,85,6.875,1135.589704
Romania,2016,ROU,30458.562,15000,1100,3.979,86,7.333333333,1211.946182
Romania,2017,ROU,33145.82,14000,1000,4.081,86,7.142857143,1352.680914
Romania,2018,ROU,35381.91,13000,1000,4.4,84,7.692307692,1556.80404
Romania,2019,ROU,36964.258,13000,980,4.597,84,7.538461538,1699.24694
Romania,2020,ROU,35802.69,8300,720,4.998,82,8.674698795,1789.418446
Romania,2021,ROU,38071.176,8700,680,5.068,81,7.816091954,1929.4472
Slovakia,2000,SVK,18374.59,1200,54,4.728,82,4.5,868.7506152
Slovakia,2001,SVK,18946.719,1100,59,4.75,87,5.363636364,899.9691525
Slovakia,2002,SVK,19790.836,1100,66,4.903,85,6,970.3446891
Slovakia,2003,SVK,20765.682,1100,68,4.783,87,6.181818182,993.2225701
Slovakia,2004,SVK,21889.305,760,53,5.019,89,6.973684211,1098.624218
Slovakia,2005,SVK,23306.523,820,47,4.96,93,5.731707317,1156.003541
Slovakia,2006,SVK,25385.625,770,47,4.794,87,6.103896104,1216.986863
Slovakia,2007,SVK,28123.795,720,35,4.974,89,4.861111111,1398.877563
Slovakia,2008,SVK,29606.78,670,43,5.243,91,6.417910448,1552.283475
Slovakia,2009,SVK,27939.568,520,43,5.841,87,8.269230769,1631.950167
Slovakia,2010,SVK,29809.037,470,35,5.513,88,7.446808511,1643.37221
Slovakia,2011,SVK,30533.477,430,26,5.385,93,6.046511628,1644.227736
Slovakia,2012,SVK,30959.865,370,18,5.439,88,4.864864865,1683.907057
Slovakia,2013,SVK,31144.129,460,20,5.562,94,4.347826087,1732.236455
Slovakia,2014,SVK,31956.469,370,35,5.523,88,9.459459459,1764.955783
Slovakia,2015,SVK,33578.89,350,35,5.391,86,10,1810.23796
Slovakia,2016,SVK,34188.84,320,35,5.603,86,10.9375,1915.600705
Slovakia,2017,SVK,35117.14,260,35,5.401,92,13.46153846,1896.676731
Slovakia,2018,SVK,36493.062,310,35,5.342,92,11.29032258,1949.459372
Slovakia,2019,SVK,37273.133,250,36,5.521,94,14.4,2057.849673
Slovakia,2020,SVK,36278.3,180,36,5.72,86,20,2075.11876
Slovakia,2021,SVK,38437.492,150,36,6.185,88,24,2377.35888
Slovenia,2000,SVN,30298.982,420,23,5.689,84,5.476190476,1723.709086
Slovenia,2001,SVN,31107.014,410,28,5.629,82,6.829268293,1751.013818
Slovenia,2002,SVN,32088.34,390,24,5.885,85,6.153846154,1888.398809
Slovenia,2003,SVN,33093.613,330,30,5.898,85,9.090909091,1951.861295
Slovenia,2004,SVN,34575.895,290,13,5.83,83,4.482758621,2015.774679
Slovenia,2005,SVN,35846.35,310,19,5.876,82,6.129032258,2106.331526
Slovenia,2006,SVN,37843.477,240,19,5.721,83,7.916666667,2165.025319
Slovenia,2007,SVN,40319.113,250,30,5.372,84,12,2165.94275
Slovenia,2008,SVN,41612.91,240,36,5.777,79,15,2403.977811
Slovenia,2009,SVN,38108.234,210,26,6.241,84,12.38095238,2378.334884
Slovenia,2010,SVN,38364.383,190,21,6.288,82,11.05263158,2412.352403
Slovenia,2011,SVN,38535.707,210,14,6.268,81,6.666666667,2415.418115
Slovenia,2012,SVN,37333.69,150,11,6.271,81,7.333333333,2341.1957
Slovenia,2013,SVN,36975.92,160,10,6.238,77,6.25,2306.55789
Slovenia,2014,SVN,37960.152,160,22,6.046,77,13.75,2295.07079
Slovenia,2015,SVN,38839.44,150,11,6.116,81,7.333333333,2375.42015
Slovenia,2016,SVN,39988.71,140,8,6.166,71,5.714285714,2465.703859
Slovenia,2017,SVN,42030.492,130,8,5.909,77,6.153846154,2483.581772
Slovenia,2018,SVN,43712.26,110,7,6.027,78,6.363636364,2634.53791
Slovenia,2019,SVN,44930.54,110,15,6.18,70,13.63636364,2776.707372
Slovenia,2020,SVN,42807.46,86,15,6.898,74,17.44186047,2952.858591
Slovenia,2021,SVN,46274.28,91,15,6.995,74,16.48351648,3236.885886
South Africa,2000,ZAF,11197.515,357000,148000,2.685,63,41.45658263,300.6532778
South Africa,2001,ZAF,11401.431,410000,178000,2.403,61,43.41463415,273.9763869
South Africa,2002,ZAF,11711.884,463000,171000,2.306,68,36.93304536,270.076045
South Africa,2003,ZAF,11937.716,514000,191000,2.791,67,37.15953307,333.1816536
South Africa,2004,ZAF,12356.316,559000,194000,2.732,65,34.70483005,337.5745531
South Africa,2005,ZAF,12877.307,595000,216000,2.745,69,36.30252101,353.4820772
South Africa,2006,ZAF,13460.689,620000,211000,2.837,70,34.03225806,381.8797469
South Africa,2007,ZAF,14033.4,636000,211000,2.919,71,33.17610063,409.634946
South Africa,2008,ZAF,14315.189,644000,198000,2.998,73,30.74534161,429.1693662
South Africa,2009,ZAF,13927.729,644000,190000,3.381,68,29.50310559,470.8965175
South Africa,2010,ZAF,14182.334,639000,115000,3.572,53,17.99687011,506.5929705
South Africa,2011,ZAF,14451.929,630000,112000,3.692,77,17.77777778,533.5652187
South Africa,2012,ZAF,14581.589,617000,85000,3.696,77,13.77633712,538.9355294
South Africa,2013,ZAF,14699.066,595000,74000,3.699,78,12.43697479,543.7184513
South Africa,2014,ZAF,14661.263,584000,68000,3.64,78,11.64383562,533.6699732
South Africa,2015,ZAF,14559.475,552000,65000,3.753,81,11.77536232,546.4170968
South Africa,2016,ZAF,14519.031,454000,63000,3.751,82,13.87665198,544.6088528
South Africa,2017,ZAF,14591.437,418000,60000,3.745,77,14.35406699,546.4493157
South Africa,2018,ZAF,14571.376,388000,59000,3.792,71,15.20618557,552.5465779
South Africa,2019,ZAF,14370.238,357000,58000,3.945,79,16.2464986,566.9058891
South Africa,2020,ZAF,13266.786,330000,57000,4.344,78,17.27272727,576.3091838
South Africa,2021,ZAF,13711.294,304000,55000,4.087,79,18.09210526,560.3805858
South Korea,2000,KOR,25189.857,23000,4000,2.09,83,17.39130435,526.4680113
South Korea,2001,KOR,26210.3,40000,3800,2.46,79,9.5,644.77338
South Korea,2002,KOR,28072.367,37000,3800,2.323,83,10.27027027,652.1210854
South Korea,2003,KOR,28806.19,39000,3900,2.445,82,10,704.3113455
South Korea,2004,KOR,30183.496,37000,3500,2.442,81,9.459459459,737.0809723
South Korea,2005,KOR,31417.291,46000,3600,2.586,83,7.826086957,812.4511453
South Korea,2006,KOR,32897.965,45000,3400,2.851,82,7.555555556,937.9209822
South Korea,2007,KOR,34630.492,45000,3000,2.936,83,6.666666667,1016.751245
South Korea,2008,KOR,35404.05,43000,2900,3.017,84,6.744186047,1068.140189
South Korea,2009,KOR,35501.508,46000,2800,3.355,83,6.086956522,1191.075593
South Korea,2010,KOR,37728.88,47000,3000,3.435,89,6.382978723,1295.987028
South Korea,2011,KOR,38819.777,49000,3000,3.446,81,6.12244898,1337.729515
South Korea,2012,KOR,39543.996,47000,3000,3.472,81,6.382978723,1372.967541
South Korea,2013,KOR,40610.164,44000,2700,3.553,82,6.136363636,1442.879127
South Korea,2014,KOR,41648.246,43000,2800,3.67,81,6.511627907,1528.490628
South Korea,2015,KOR,42593.008,40000,2700,3.786,84,6.75,1612.571283
South Korea,2016,KOR,43674.508,39000,2600,3.95,84,6.666666667,1725.143066
South Korea,2017,KOR,44928.05,36000,2200,4.098,83,6.111111111,1841.151489
South Korea,2018,KOR,46034.29,33000,2200,4.38,82,6.666666667,2016.301902
South Korea,2019,KOR,46903.84,30000,2000,4.823,82,6.666666667,2262.172203
South Korea,2020,KOR,46506.934,25000,2000,5.085,81,8,2364.877594
South Korea,2021,KOR,48571.434,23000,2000,5.556,80,8.695652174,2698.628873
Spain,2010,ESP,42515.49,7900,540,6.789,69,6.835443038,2886.376616
Spain,2011,ESP,42093.582,7400,420,6.737,72,5.675675676,2835.844619
Spain,2012,ESP,40861.01,6500,430,6.603,71,6.615384615,2698.05249
Spain,2013,ESP,40409.99,6000,370,6.438,75,6.166666667,2601.595156
Spain,2014,ESP,41147.246,5500,360,6.385,58,6.545454545,2627.251657
Spain,2016,ESP,44063.383,5400,320,6.404,69,5.925925926,2821.819047
Spain,2017,ESP,45233.24,5000,310,6.309,61,6.2,2853.765112
Spain,2018,ESP,46114.344,5200,320,6.32,45,6.153846154,2914.426541
Spain,2019,ESP,46682.477,4700,310,6.441,47,6.595744681,3006.818344
Spain,2020,ESP,41372.78,3400,310,7.853,53,9.117647059,3249.004413
Spain,2021,ESP,44091.11,3900,320,7.598,37,8.205128205,3350.042538
Sweden,2000,SWE,48174.934,480,74,6.267,79,15.41666667,3019.123114
Sweden,2001,SWE,48699.562,450,92,6.49,62,20.44444444,3160.601574
Sweden,2002,SWE,49646.94,430,100,6.779,73,23.25581395,3365.566063
Sweden,2003,SWE,50392.918,460,62,6.914,83,13.47826087,3484.166351
Sweden,2004,SWE,52293.03,490,54,6.722,64,11.02040816,3515.137477
Sweden,2005,SWE,53539.113,620,63,6.708,69,10.16129032,3591.4037
Sweden,2006,SWE,55728.254,560,69,6.632,63,12.32142857,3695.897805
Sweden,2007,SWE,57100.438,530,66,6.598,68,12.45283019,3767.486899
Sweden,2008,SWE,56134.32,590,67,6.772,90,11.3559322,3801.41615
Sweden,2009,SWE,53289.566,660,64,7.237,88,9.696969697,3856.565891
Sweden,2010,SWE,55875.72,710,38,6.863,88,5.352112676,3834.750664
Sweden,2011,SWE,57209.918,620,50,8.8,87,8.064516129,5034.472784
Sweden,2012,SWE,56552.895,680,43,9.041,83,6.323529412,5112.947237
Sweden,2013,SWE,56713.703,700,47,9.162,90,6.714285714,5196.109469
Sweden,2014,SWE,57442.918,730,33,9.199,88,4.520547945,5284.174027
Sweden,2015,SWE,59345.35,900,28,9.071,87,3.111111111,5383.216699
Sweden,2016,SWE,59981.418,810,29,9.144,91,3.580246914,5484.700862
Sweden,2017,SWE,60258.727,560,25,9.136,87,4.464285714,5505.237299
Sweden,2018,SWE,60696.242,550,24,9.276,78,4.363636364,5630.183408
Sweden,2019,SWE,61615.992,550,25,9.221,61,4.545454545,5681.610622
Sweden,2020,SWE,59945.586,360,25,9.767,72,6.944444444,5854.885385
Sweden,2021,SWE,63124.598,400,25,9.556,85,6.25,6032.186585
Switzerland,2016,CHE,77999.46,660,31,7.645,68,4.696969697,5963.058717
Switzerland,2017,CHE,78328.09,610,22,7.772,78,3.606557377,6087.659155
Switzerland,2018,CHE,79977.305,540,22,7.52,82,4.074074074,6014.293336
Switzerland,2019,CHE,80315.68,460,21,7.748,68,4.565217391,6222.858886
Switzerland,2020,CHE,78023.34,400,21,8.352,74,5.25,6516.509357
Switzerland,2021,CHE,81603.21,410,21,8.243,75,5.12195122,6726.5526
Turkey,2000,TUR,14878.176,21000,1600,2.837,73,7.619047619,422.0938531
Turkey,2001,TUR,13849.279,20000,1400,3.287,72,7,455.2258007
Turkey,2002,TUR,14565.538,21000,1200,3.542,65,5.714285714,515.911356
Turkey,2003,TUR,15227.171,21000,980,3.57,72,4.666666667,543.6100047
Turkey,2004,TUR,16533.355,20000,570,3.52,81,2.85,581.974096
Turkey,2005,TUR,17828.541,23000,870,3.315,88,3.782608696,591.0161342
Turkey,2006,TUR,18872.418,23000,630,3.543,91,2.739130435,668.6497697
Turkey,2007,TUR,19792.387,22000,680,3.603,91,3.090909091,713.1197036
Turkey,2008,TUR,19702.756,21000,770,3.793,91,3.666666667,747.3255351
Turkey,2009,TUR,18495.398,20000,1000,4.423,90,5,818.0514535
Turkey,2010,TUR,19751.621,18000,890,3.916,89,4.944444444,773.4734784
Turkey,2011,TUR,21643.8,17000,870,3.682,90,5.117647059,796.924716
Turkey,2012,TUR,22392.938,16000,760,3.519,88,4.75,788.0074882
Turkey,2013,TUR,23983.133,15000,640,3.425,86,4.266666667,821.4223053
Turkey,2014,TUR,24830.574,15000,610,3.357,87,4.066666667,833.5623692
Turkey,2015,TUR,25992.297,15000,570,3.217,87,3.8,836.1721945
Turkey,2016,TUR,26497.135,14000,570,3.361,87,4.071428571,890.5687074
Turkey,2017,TUR,28117.953,14000,530,3.248,86,3.785714286,913.2711134
Turkey,2018,TUR,28575.762,13000,480,3.189,85,3.692307692,911.2810502
Turkey,2019,TUR,28400.7,13000,450,3.387,83,3.461538462,961.931709
Turkey,2020,TUR,28649.55,13000,410,3.64,81,3.153846154,1042.84362
Turkey,2021,TUR,31637.53,12000,380,3.594,80,3.166666667,1137.052828
Ukraine,2006,UKR,16901.508,58000,13000,3.878,70,22.4137931,655.4404802
Ukraine,2007,UKR,18374.014,57000,12000,3.565,71,21.05263158,655.0335991
Ukraine,2008,UKR,18883.986,55000,12000,3.194,71,21.81818182,603.1545128
Ukraine,2009,UKR,16092.796,53000,11000,3.856,60,20.75471698,620.5382138
Ukraine,2010,UKR,16811.795,50000,11000,3.693,69,22,620.8595894
Ukraine,2011,UKR,17783.957,48000,9000,3.427,67,18.75,609.4562064
Ukraine,2012,UKR,17848.74,46000,8100,3.743,71,17.60869565,668.0783382
Ukraine,2013,UKR,17889.092,44000,8200,3.344,71,18.63636364,598.2112365
Ukraine,2014,UKR,16978.812,43000,8000,3.463,72,18.60465116,587.9762596
Ukraine,2015,UKR,15403.71,41000,7400,3.755,75,18.04878049,578.4093105
Ukraine,2016,UKR,15856.8125,39000,6700,3.652,76,17.17948718,579.0907925
Ukraine,2017,UKR,16310.36,37000,6400,3.559,76,17.2972973,580.4857124
Ukraine,2018,UKR,16978.984,36000,6200,3.528,77,17.22222222,599.0185555
Ukraine,2019,UKR,17636.555,34000,5700,3.225,79,16.76470588,568.7788988
Ukraine,2020,UKR,17092.54,33000,6000,3.727,77,18.18181818,637.0389658
Ukraine,2021,UKR,17846.408,35000,6000,4.092,75,17.14285714,730.2750154
United Kingdom,2001,GBR,45836.996,6800,630,5.616,67,9.264705882,2574.205695
United Kingdom,2002,GBR,46462.96,7800,640,6.01,70,8.205128205,2792.423896
United Kingdom,2003,GBR,47704.984,8000,650,6.277,71,8.125,2994.441846
United Kingdom,2004,GBR,48600.23,7900,570,6.642,71,7.215189873,3228.027277
United Kingdom,2005,GBR,49586.67,9200,560,6.782,71,6.086956522,3362.967959
United Kingdom,2006,GBR,50395.383,9300,570,7.004,74,6.129032258,3529.692625
United Kingdom,2007,GBR,51317.055,9000,470,7.018,76,5.222222222,3601.43092
United Kingdom,2008,GBR,50788.082,9300,510,7.311,77,5.483870968,3713.116675
United Kingdom,2009,GBR,48076.367,9100,470,8.11,81,5.164835165,3898.993364
United Kingdom,2010,GBR,48766.29,8800,430,7.995,81,4.886363636,3898.864886
United Kingdom,2011,GBR,48937.477,9500,400,7.975,79,4.210526316,3902.763791
United Kingdom,2012,GBR,49331.72,9300,400,7.963,80,4.301075269,3928.284864
United Kingdom,2013,GBR,49884.434,8300,410,7.884,82,4.939759036,3932.888777
United Kingdom,2014,GBR,51100.336,7400,400,7.883,81,5.405405405,4028.239487
United Kingdom,2015,GBR,51823.973,6600,390,7.846,79,5.909090909,4066.108922
United Kingdom,2016,GBR,52421.082,6500,340,7.841,81,5.230769231,4110.33704
United Kingdom,2017,GBR,53449.293,5900,330,7.657,81,5.593220339,4092.612365
United Kingdom,2018,GBR,53872.934,5400,330,7.711,80,6.111111111,4154.141941
United Kingdom,2019,GBR,54440.105,5400,340,7.888,78,6.296296296,4294.235482
United Kingdom,2020,GBR,48656.164,4700,340,10.103,78,7.234042553,4915.732249
United Kingdom,2021,GBR,52872.195,5400,340,10.064,86,6.296296296,5321.057705
United States,2000,USA,55038.62,19000,1800,5.543,83,9.473684211,3050.790707
United States,2001,USA,55017.305,18000,1700,5.968,83,9.444444444,3283.432762
United States,2002,USA,55436.117,17000,1600,6.326,83,9.411764706,3506.888761
United States,2003,USA,56498.207,17000,1400,6.524,83,8.235294118,3685.943025
United States,2004,USA,58131.633,17000,1300,6.61,84,7.647058824,3842.500941
United States,2005,USA,59604.754,16000,1200,6.63,83,7.5,3951.79519
United States,2006,USA,60676.566,16000,1100,6.784,84,6.875,4116.298237
United States,2007,USA,61306.598,15000,930,6.886,85,6.2,4221.572338
United States,2008,USA,60798.434,15000,930,7.197,86,6.2,4375.663295
United States,2009,USA,58714.973,13000,830,7.831,62,6.384615385,4597.969536
United States,2010,USA,59799.285,13000,820,7.887,66,6.307692308,4716.369608
United States,2011,USA,60294.98,12000,750,7.875,80,6.25,4748.229675
United States,2012,USA,61224.406,11000,700,7.852,84,6.363636364,4807.340359
United States,2013,USA,62089.348,10000,730,7.886,83,7.3,4896.365983
United States,2014,USA,63191.246,10000,640,13.329,85,6.4,8422.761179
United States,2015,USA,64575.406,10000,620,13.598,83,6.2,8780.963708
United States,2016,USA,65275.57,10000,670,13.83,80,6.7,9027.611331
United States,2017,USA,66458.02,10000,650,13.796,77,6.5,9168.548439
United States,2018,USA,68070.21,9800,640,13.694,79,6.530612245,9321.534557
United States,2019,USA,69511.766,9800,640,13.694,75,6.530612245,9518.941236
United States,2020,USA,67352.39,7900,640,15.694,74,8.101265823,10570.28409
United States,2021,USA,71318.305,8700,640,14.431,76,7.356321839,10291.94459
